Workbook

Sheet Guide
A1: Isocyanate Conversion Workbook — DSC · FTIR · DMA · TMA
A2: Estimates NCO conversion (α) for urethane-forming systems by four independent techniques and compares them sample-by-sample.
A4: SHEET MAP — click a name to jump to that sheet's instructions
A5: Sample_Prep ▸ | B5: Read before mixing: one batch, matched specimens, and how to make and measure the specimen behind every value.
A6: Formulation ▸ | B6: Start here: stoichiometry, %NCO, gel point and the network model the other sheets use.
A7: DSC ▸ | B7: Conversion from residual exotherm (measured or theoretical total heat), plus an optional Tg route.
A8: DSC_Isothermal ▸ | B8: DSC only: α(t) and dα/dt from one isothermal hold plus a residual scan on the same specimen.
A9: FTIR ▸ | B9: Conversion from the NCO band at ~2270 cm⁻¹ normalised to an unchanging reference band.
A10: DMA ▸ | B10: Crosslink density from the rubbery-plateau modulus, and conversion from it and from tan δ Tg.
A11: TMA ▸ | B11: Conversion from the expansion Tg (tangent intersection) and from the rubbery compression modulus.
A12: Summary ▸ | B12: Every method side by side by sample ID, with mean, spread and an agreement flag.
A13: MM_Table ▸ | B13: Calculation sheet behind the DMA and TMA modulus conversions (no inputs).
A14: Lambda_Fit ▸ | B14: Calculation sheet: least-squares λ for the DiBenedetto Tg routes on DSC, DMA and TMA (no inputs).
A16: HOW THE SHEETS CONNECT
A46: CELL LEGEND
A47: Blue text, yellow fill | B47: Input — type your data here. Every yellow cell is editable; nothing else needs touching.
A48: Black text, grey fill | B48: Calculated — do not overwrite.
A49: Green text, grey fill | B49: Pulled from another sheet (mostly Formulation).
A50: Example data | B50: Rows S0–S4 on every sheet are a worked example (PPG triol, EW 1000, f = 3 + IPDI, index 100, cured at 60 °C). Overwrite or clear them.
A52: WORKFLOW
A53: 0. Sample_Prep | B53: Plan the batch before mixing: one mix, matched specimens for every technique, cured together, the same Sample ID on every sheet.
A54: 1. Formulation | B54: Enter masses, equivalent weights, functionalities and density. This sets NCO:OH ratio r, initial %NCO, the gel point and the network model used by DMA and TMA.
A55: 2. DSC | B55: Enter the uncured reference scan(s), then the residual exotherm (and optionally Tg) for each partially cured sample. Choose the ΔH_total basis in E14: Measured reference, or Theoretical (formulation) when no fresh-mix reference scan exists.
A56: 2b. DSC_Isothermal | B56: DSC-only kinetics on one specimen: paste the isothermal heat-flow export (time, W/g), enter the baseline and the residual heat from a dynamic scan run afterwards. Gives α(t) and dα/dt.
A57: DSC on its own | B57: Every DSC result is independent of FTIR, DMA and TMA — leave those sheets blank if you have no data; the Summary simply shows blanks for them.
A58: 3. FTIR | B58: Row 11 MUST be the t = 0 (uncured) spectrum. Enter integrated NCO and reference-band areas for every time point.
A59: 4. DMA | B59: Enter rubbery-plateau E′ and the temperature it was read at, plus tan δ peak Tg. Pre-gel samples cannot be measured — leave them out.
A60: 4b. TMA | B60: Route 1: tangent points (or the instrument's Tg) from the expansion curve. Route 2: two force/deformation points in compression at ≥ Tg + 30 °C. Post-gel specimens only.
A61: 5. Summary | B61: Type sample IDs in column A; α from every method is pulled in by ID (IDs must match exactly across sheets).
A63: EQUATIONS
A64: DSC — residual heat | B64: α = 1 − ΔH_res / ΔH_total, both normalised per gram of reactive resin (ΔH per g sample ÷ reactive mass fraction w_r) so plasticiser/filler dilution cancels.
A65: DSC — ΔH_total options | B65: (a) Measured: complete dynamic scan of freshly mixed material. (b) Theoretical: ΔH_theo = n_NCO · ΔH_urethane / m_total (J/g), no reference scan. (c) Isothermal + residual: ΔH_total = Q_iso + Q_res on the same specimen.
A66: DSC — isothermal | B66: Q(t) = ∫ s·[q(t) − q_baseline] dt (trapezoid, s = ±1 for exo direction); α(t) = Q(t)/ΔH_total; dα/dt = s·[q − q_baseline]/ΔH_total.
B67: The reference scan also yields an experimental urethane enthalpy, ΔH_total / (mol NCO per g) — use it to calibrate option (b) for later batches.
A68: Tg routes (DSC/DMA/TMA) | B68: DiBenedetto (Pascault–Williams form): (Tg − Tg0)/(Tg∞ − Tg0) = λα / [1 − (1 − λ)α], λ ≈ ΔCp∞/ΔCp0. Inverted: α = x / [λ + x(1 − λ)], x = (Tg − Tg0)/(Tg∞ − Tg0). Tg0, Tg∞ and λ must come from the same technique as the sample Tg (DSC midpoint vs DMA tan δ peak differ by ~5–20 °C).
B69: λ is chosen per sheet: least-squares fit to residual-heat α (default; see Lambda_Fit), the measured ΔCp ratio, the Tg0/Tg∞ (kelvin) estimate, or a manual value.
A70: FTIR | B70: α = 1 − (A_NCO/A_ref)_t / (A_NCO/A_ref)_0. NCO asymmetric stretch ≈ 2270 cm⁻¹ (integrate ~2230–2300). Reference band must not change during cure (C–H stretch 2870–2970 cm⁻¹, or aromatic C=C ~1595 cm⁻¹ for MDI/TDI). Never use C=O or N–H — they grow with urethane formation.
A71: DMA — modulus route | B71: Rubber elasticity: E′ = 3φ ν_e R T → ν_e = E′ / (3φRT); Mc = ρ/ν_e. Affine φ = 1; phantom φ = 1 − 2/f.
B72: Miller–Macosko for A2 + Bf (one difunctional component, crosslinker f = 3 or 4). With k = r α² (r = NCO/OH, α = NCO conversion), P(F_out) = b solves b = k b^(f−1) + 1 − k:
B73: f = 3: b = (1 − k)/k for k > 1/2 f = 4: b = [−k + √(4k − 3k²)]/(2k) for k > 1/3 (b = 1 below the gel point)
B74: ν_e = [Bf]0 · Σ (m/2)·P(X_m,f): f = 3 → 1.5(1 − b)³; f = 4 → 2(1 − b)⁴ + 6b(1 − b)³
B75: The MM_Table sheet tabulates ν_e(α) in 0.001 steps; the measured ν_e is looked up to give α (resolution 0.001).
A76: TMA — expansion | B76: Tangents through (T1, ΔL1)–(T2, ΔL2) and (T3, ΔL3)–(T4, ΔL4); Tg = their intersection; CTE = slope / L0. α from Tg by DiBenedetto, as for DSC and DMA.
A77: TMA — compression | B77: Neo-Hookean in compression: σ = G(λ⁻² − λ), λ = 1 − d/L0, σ = F/A. Two points cancel probe seating: G = (σ2 − σ1) / [(λ2⁻² − λ2) − (λ1⁻² − λ1)]; ν_e = G/(φRT); α from the same Miller–Macosko lookup as DMA.
A78: Gel point | B78: Flory–Stockmayer: α_gel = [r(f − 1)]^−½ (NCO conversion). Maximum NCO conversion = min(1, 1/r).
A80: ASSUMPTIONS & CAVEATS
A81: Side reactions | B81: Allophanate, biuret, isocyanurate and urea (moisture → amine + CO₂) consume NCO without matching urethane heat or the assumed network. Expect FTIR α > DSC/DMA α when they occur; a large, systematic gap is itself diagnostic.
A82: DSC | B82: ΔH_total must come from a complete dynamic scan of freshly mixed material (some reaction during mixing/loading biases it low). Check the measured/theoretical ratio on the DSC sheet. Overlapping events (evaporation, post-cure side reactions) inflate residual heat.
A83: Urethane ΔH | B83: Formulation!B12 (default 90 kJ/mol NCO) is only for the theoretical-enthalpy sanity check; literature values span roughly 80–100 kJ/mol depending on isocyanate/alcohol structure. Replace with a value for your chemistry (DSC!E13 gives one from your own reference scan). It enters α only when a Theoretical ΔH_total basis is selected; otherwise it is a sanity check.
A84: Isothermal DSC | B84: Run until the heat flow returns to baseline, or capture what remains with the residual scan (the sheet flags runs still >2 % of peak at the end). Heat released before data collection (mixing, loading, equilibration) is missed by Q_iso; the heat-balance row against theoretical shows how much. Vitrification can stall cure — the residual scan then holds the rest.
A85: DMA | B85: Read E′ well into the rubbery plateau (≥ 30 °C above tan δ Tg; the sheet flags this). Hard-segment phase separation, H-bonding and trapped entanglements raise E′ above the chemical-crosslink value, so modulus-derived α reads high in segmented PUs. Non-integer or mixed functionality (e.g. HTPB, f ≈ 2.2–2.5, or diol/triol blends) is NOT handled by the A2 + Bf model — use the Tg route or ν_e/ν_e,theo as a relative index instead.
A86: TMA | B86: Keep the expansion force small (≈0.02–0.05 N) or the probe sinks in above Tg and the rubbery slope is wrong. Compression discs need flat, parallel, lubricated faces — friction makes thin discs read stiff. Physical crosslinks inflate G just as they inflate E′.
A87: Heating during tests | B87: A partly cured specimen keeps curing while it is heated (DMA and TMA ramps, the Tg part of a DSC scan). Keep ramps short and, where possible, below the cure temperature, or α will read high.
A88: Units | B88: E′ and G in MPa, forces in N, deformations and ΔL in µm, thickness and diameter in mm, T in °C (converted to K), density in g/cm³, ν_e in mol/m³, Mc in g/mol, ΔH in J/g, IR areas in absorbance·cm⁻¹ (any consistent unit).
A90: REFERENCES
B91: Macosko, C. W.; Miller, D. R. Macromolecules 1976, 9, 199–206 (average MW of nonlinear polymers).
B92: Miller, D. R.; Macosko, C. W. Macromolecules 1976, 9, 206–211 (post-gel properties, elastically active strands).
B93: Pascault, J. P.; Williams, R. J. J. J. Polym. Sci. B: Polym. Phys. 1990, 28, 85–95 (DiBenedetto Tg–conversion relation).
B94: Odian, G. Principles of Polymerization, 4th ed., Wiley, 2004 — Ch. 2 (step polymerisation, gelation, Flory–Stockmayer).
B95: Test standards for specimen preparation and measurement are listed per value on the Sample_Prep sheet (check the current edition).

Sheet Sample_Prep
A1: Sample preparation — the specimen behind every value
A2: One batch, matched specimens, the same Sample ID on every sheet. Settings are typical starting points; adapt them to your instrument and material.
A3: ↩ Back to the Guide
A5: THE ONE-BATCH WORKFLOW
A29: BEFORE YOU START — applies to every technique
A30: Step | B30: What to do | C30: How | D30: Why it matters | E30: Standard
A31: 1 | B31: Dry the polyol | C31: 2–4 h at 80–100 °C under vacuum (or as the supplier advises); check water by Karl Fischer and keep it below ~0.05 %. | D31: Water consumes NCO (urea + CO₂): FTIR then sees NCO loss with no urethane heat, and bubbles spoil DMA/TMA specimens. | E31: ASTM D4672
A32: 2 | B32: Check the raw materials | C32: Titrate the OH number of the polyol lot and the %NCO of the isocyanate lot; enter those, not nominal values, on Formulation. | D32: Index, gel point, %NCO and theoretical ΔH all depend on them. | E32: ASTM D4274, D2572
A33: 3 | B33: Make one batch | C33: Weigh to the target index on an analytical balance and record the actual masses; add catalyst last; mix 1–2 min in a centrifugal mixer, under vacuum if available. | D33: Every technique then measures the same material — the Summary comparison only means something this way.
A34: 4 | B34: Start the clock | C34: t = 0 is first contact of polyol and isocyanate. Note it, and the time each specimen goes into the oven or instrument. | D34: Cure time is the x-axis of every comparison.
A35: 5 | B35: Split at once | C35: Within a few minutes fill DSC pans, cast FTIR films, pour DMA bars and TMA discs (table below). Measure the t = 0 set straight away. | D35: The mix keeps reacting at room temperature; delays shift t = 0 and lower the measured ΔH_total.
A36: 6 | B36: Cure together | C36: Put every specimen in the same oven at the same time. At each time point pull one of each type and give them the same Sample ID. | D36: Identical thermal history makes the techniques comparable.
A37: 7 | B37: Stop and store | C37: Test at once, or freeze at ≤ −20 °C (−80 °C is better) in a sealed, desiccated bag; let it reach room temperature before opening. | D37: Cold well below Tg stops the reaction; opening a cold bag condenses water on the specimen.
A38: 8 | B38: Measure gently | C38: Keep heating ramps short and, where possible, below the cure temperature; note the maximum temperature each specimen saw. | D38: A partly cured specimen keeps curing while it is heated, which biases α high.
A40: VALUE BY VALUE — which specimen gives each input, and how to measure it
A41: Sheet | B41: Value (cells) | C41: Specimen and how to prepare it | D41: How to measure it | E41: Standard
A42: Formulation | B42: Polyol equivalent weight (B5) | C42: A sample of the polyol lot, dried as in step 1. | D42: OH number by titration; EW = 56100 / OH number. | E42: ASTM D4274
A43: Formulation | B43: Isocyanate equivalent weight (B8) | C43: A sample of the isocyanate lot, handled under dry N₂ (it reacts with air moisture). | D43: %NCO by di-n-butylamine back-titration; EW = 4202 / %NCO. | E43: ASTM D2572
A44: Formulation | B44: Masses (B4, B7, B10) | C44: The batch itself. | D44: Analytical balance, weigh by difference; enter the actual masses, not the targets.
A45: Formulation | B45: Cured density (B11) | C45: A void-free, fully cured piece cast alongside the DMA/TMA specimens. | D45: Buoyancy (Archimedes) in water or another liquid that does not swell it, or gas pycnometry. | E45: ASTM D792
A46: DSC | B46: Reference ΔH_total (C5–C7) | C46: 5–10 mg of fresh mix in a hermetic aluminium pan, sealed and weighed within minutes of mixing; 2–3 replicates. | D46: Cool to ~Tg0 − 30 °C, heat 10 K/min through the whole exotherm under N₂ (50 mL/min); check by TGA that the upper limit is below any mass loss. Integrate with a linear baseline. | E46: ASTM E2160
A47: DSC | B47: Residual ΔH_res (column E) | C47: Best: seal 5–10 mg pans of fresh mix at t = 0 and cure them in the oven with the other specimens. Otherwise cut 5–10 mg from the bulk specimen pulled at that time. | D47: Exactly the same pan type, heating rate, range and baseline as the reference. | E47: ASTM E2160
A48: DSC | B48: Tg midpoint (column I) and Tg0 (B18) | C48: The same pans. For Tg0 use a fresh-mix pan quenched below Tg first. | D48: Midpoint of the step on the first heat, read before the residual exotherm begins. | E48: ASTM E1356
A49: DSC | B49: Tg∞ (B19) and ΔCp∞ (H18) | C49: A pan cured to completion: post-cure until no residual exotherm remains. | D49: Second heat after a complete scan: step midpoint and step height (J/g·K). | E49: ASTM E1356
A50: DSC | B50: ΔCp0 (G18) | C50: The fresh-mix reference pan. | D50: Step height at Tg0 on the first heat (J/g·K). | E50: ASTM E1356
A51: DSC_Isothermal | B51: Heat flow vs time (A27 down) | C51: 5–10 mg of fresh mix in a hermetic pan, loaded as fast as possible after mixing. | D51: Pre-equilibrate the cell at the cure temperature and drop the pan in (or jump at the maximum rate); hold until the signal is flat; export W/g against minutes. Record the delay from mixing to the start.
A52: DSC_Isothermal | B52: Baseline (B8) | C52: The same pan after the run. | D52: Repeat the identical isothermal program on the now-cured pan; its signal is the baseline.
A53: DSC_Isothermal | B53: Residual heat Q_res (B9) | C53: The same pan. | D53: Cool below Tg, then heat 10 K/min through the residual exotherm. | E53: ASTM E2160
A54: FTIR | B54: A_NCO and A_ref at t = 0 (row 11) | C54: A drop of fresh mix. | D54: ATR: a thin layer over the crystal (a heated ATR at the cure temperature gives continuous kinetics). Transmission: a 10–25 µm film between KBr or NaCl so the NCO band stays below ~1 absorbance.
A55: FTIR | B55: A_NCO and A_ref at time t (columns D–E) | C55: A thin film (~0.1–0.5 mm) cast on PTFE or release liner from the same batch and cured with the other specimens. | D55: Same crystal, clamp pressure, 4 cm⁻¹ resolution and 32 scans every time; fresh background each session. Measure the face that was against the liner — the air side also reacts with humidity.
A56: DMA | B56: E′, T at E′ and tan δ peak (columns D–F) | C56: Bars cast in PTFE or silicone moulds from the degassed batch, e.g. 30 × 6 × 1–2 mm (film tension) or 50 × 10 × 3 mm (single cantilever); thickness measured at three points. | D56: Strain sweep first to find the linear region; then 1 Hz, 2–3 K/min from ~Tg − 30 °C to Tg + 50 °C. Read E′ at ≥ Tg + 30 °C; tan δ peak = Tg. Post-gel (handleable) specimens only. | E56: ASTM D4065, E1640
A57: DMA | B57: Tg0 and Tg∞ (B13–B14) | C57: Tg∞: a bar post-cured to completion. Tg0: the liquid cannot be clamped. | D57: Tg∞ by the same ramp. Tg0: extrapolate the Tg–time trend, or use DSC Tg0 plus your DSC→tan δ offset. | E57: ASTM E1640
A58: TMA | B58: Tangent points or Tg (Route 1, columns D–M) | C58: A disc or flat piece 1–3 mm thick and 5–8 mm across with flat, parallel faces (cast in a mould, or cut and lightly sanded). | D58: Expansion probe, small force (~0.02–0.05 N) so it does not sink in above Tg; cool to ~Tg − 40 °C, heat 3–5 K/min. Pick two points on each straight segment, or enter the instrument's Tg in column E. | E58: ASTM E831, E1545
A59: TMA | B59: Forces and deformations (Route 2, columns D–J) | C59: A cylinder or disc smaller than the flat probe (e.g. Ø5 × 2 mm under a Ø6 mm probe); thin silicone oil or PTFE film on both faces so it does not barrel; thickness and diameter by micrometer. | D59: Equilibrate at ≥ Tg + 30 °C; apply a small preload (force 1), then a higher force (force 2) or a slow force ramp; keep compression below 20 %.
A60: TMA | B60: Tg0 and Tg∞ (B13–B14) | C60: Tg0: fresh mix quenched below Tg in a TMA pan. Tg∞: a fully post-cured disc. | D60: Same expansion program; for Tg0 the probe sinks where the material softens — take the onset. | E60: ASTM E1545
A62: Standards are listed for method guidance — check the current edition and your laboratory's own procedures.

Sheet Summary
A1: Summary — NCO conversion by method
A2: Type sample IDs in column A; values are looked up by ID from each method sheet. ▸ How to use this sheet: column O
A3: Agreement tolerance (α range) | D3: 0.05
A5: Sample ID | B5: Cure time (h) | C5: α DSC (residual heat) | D5: α DSC (Tg) | E5: α FTIR | F5: α DMA (Miller–Macosko) | G5: α DMA (tan δ Tg) | H5: α TMA (expansion Tg) | I5: α TMA (compression) | J5: Mean α | K5: Std. dev. | L5: Range | M5: Agreement | O5: HOW TO USE — Summary
A6: S0 | B6: =IF(A6="","",IFERROR(INDEX(DSC!$C$23:$C$42,MATCH(A6,DSC!$A$23:$A$42,0)),IFERROR(INDEX(FTIR!$C$11:$C$35,MATCH(A6,FTIR!$A$11:$A$35,0)),IFERROR(INDEX(DMA!$C$18:$C$37,MATCH(A6,DMA!$A$18:$A$37,0)),IFERROR(INDEX(TMA!$C$20:$C$39,MATCH(A6,TMA!$A$20:$A$39,0)),IFERROR(INDEX(TMA!$C$43:$C$62,MATCH(A6,TMA!$A$43:$A$62,0)),"")))))) | C6: =IF($A6="","",IFERROR(INDEX(DSC!$H$23:$H$42,MATCH($A6,DSC!$A$23:$A$42,0)),"")) | D6: =IF($A6="","",IFERROR(INDEX(DSC!$K$23:$K$42,MATCH($A6,DSC!$A$23:$A$42,0)),"")) | E6: =IF($A6="","",IFERROR(INDEX(FTIR!$H$11:$H$35,MATCH($A6,FTIR!$A$11:$A$35,0)),"")) | F6: =IF($A6="","",IFERROR(INDEX(DMA!$K$18:$K$37,MATCH($A6,DMA!$A$18:$A$37,0)),"")) | G6: =IF($A6="","",IFERROR(INDEX(DMA!$L$18:$L$37,MATCH($A6,DMA!$A$18:$A$37,0)),"")) | H6: =IF($A6="","",IFERROR(INDEX(TMA!$S$20:$S$39,MATCH($A6,TMA!$A$20:$A$39,0)),"")) | I6: =IF($A6="","",IFERROR(INDEX(TMA!$T$43:$T$62,MATCH($A6,TMA!$A$43:$A$62,0)),"")) | J6: =IF(COUNT(C6:I6)=0,"",AVERAGE(C6:I6)) | K6: =IF(COUNT(C6:I6)<2,"",STDEV(C6:I6)) | L6: =IF(COUNT(C6:I6)<2,"",MAX(C6:I6)-MIN(C6:I6)) | M6: =IF(COUNT(C6:I6)<2,"",IF(L6>$D$3,"Methods disagree","Consistent")) | O6: ↩ Back to the Guide
A7: S1 | B7: =IF(A7="","",IFERROR(INDEX(DSC!$C$23:$C$42,MATCH(A7,DSC!$A$23:$A$42,0)),IFERROR(INDEX(FTIR!$C$11:$C$35,MATCH(A7,FTIR!$A$11:$A$35,0)),IFERROR(INDEX(DMA!$C$18:$C$37,MATCH(A7,DMA!$A$18:$A$37,0)),IFERROR(INDEX(TMA!$C$20:$C$39,MATCH(A7,TMA!$A$20:$A$39,0)),IFERROR(INDEX(TMA!$C$43:$C$62,MATCH(A7,TMA!$A$43:$A$62,0)),"")))))) | C7: =IF($A7="","",IFERROR(INDEX(DSC!$H$23:$H$42,MATCH($A7,DSC!$A$23:$A$42,0)),"")) | D7: =IF($A7="","",IFERROR(INDEX(DSC!$K$23:$K$42,MATCH($A7,DSC!$A$23:$A$42,0)),"")) | E7: =IF($A7="","",IFERROR(INDEX(FTIR!$H$11:$H$35,MATCH($A7,FTIR!$A$11:$A$35,0)),"")) | F7: =IF($A7="","",IFERROR(INDEX(DMA!$K$18:$K$37,MATCH($A7,DMA!$A$18:$A$37,0)),"")) | G7: =IF($A7="","",IFERROR(INDEX(DMA!$L$18:$L$37,MATCH($A7,DMA!$A$18:$A$37,0)),"")) | H7: =IF($A7="","",IFERROR(INDEX(TMA!$S$20:$S$39,MATCH($A7,TMA!$A$20:$A$39,0)),"")) | I7: =IF($A7="","",IFERROR(INDEX(TMA!$T$43:$T$62,MATCH($A7,TMA!$A$43:$A$62,0)),"")) | J7: =IF(COUNT(C7:I7)=0,"",AVERAGE(C7:I7)) | K7: =IF(COUNT(C7:I7)<2,"",STDEV(C7:I7)) | L7: =IF(COUNT(C7:I7)<2,"",MAX(C7:I7)-MIN(C7:I7)) | M7: =IF(COUNT(C7:I7)<2,"",IF(L7>$D$3,"Methods disagree","Consistent")) | O7: 1 Type each sample ID in column A exactly as it appears on the method sheets.
A8: S2 | B8: =IF(A8="","",IFERROR(INDEX(DSC!$C$23:$C$42,MATCH(A8,DSC!$A$23:$A$42,0)),IFERROR(INDEX(FTIR!$C$11:$C$35,MATCH(A8,FTIR!$A$11:$A$35,0)),IFERROR(INDEX(DMA!$C$18:$C$37,MATCH(A8,DMA!$A$18:$A$37,0)),IFERROR(INDEX(TMA!$C$20:$C$39,MATCH(A8,TMA!$A$20:$A$39,0)),IFERROR(INDEX(TMA!$C$43:$C$62,MATCH(A8,TMA!$A$43:$A$62,0)),"")))))) | C8: =IF($A8="","",IFERROR(INDEX(DSC!$H$23:$H$42,MATCH($A8,DSC!$A$23:$A$42,0)),"")) | D8: =IF($A8="","",IFERROR(INDEX(DSC!$K$23:$K$42,MATCH($A8,DSC!$A$23:$A$42,0)),"")) | E8: =IF($A8="","",IFERROR(INDEX(FTIR!$H$11:$H$35,MATCH($A8,FTIR!$A$11:$A$35,0)),"")) | F8: =IF($A8="","",IFERROR(INDEX(DMA!$K$18:$K$37,MATCH($A8,DMA!$A$18:$A$37,0)),"")) | G8: =IF($A8="","",IFERROR(INDEX(DMA!$L$18:$L$37,MATCH($A8,DMA!$A$18:$A$37,0)),"")) | H8: =IF($A8="","",IFERROR(INDEX(TMA!$S$20:$S$39,MATCH($A8,TMA!$A$20:$A$39,0)),"")) | I8: =IF($A8="","",IFERROR(INDEX(TMA!$T$43:$T$62,MATCH($A8,TMA!$A$43:$A$62,0)),"")) | J8: =IF(COUNT(C8:I8)=0,"",AVERAGE(C8:I8)) | K8: =IF(COUNT(C8:I8)<2,"",STDEV(C8:I8)) | L8: =IF(COUNT(C8:I8)<2,"",MAX(C8:I8)-MIN(C8:I8)) | M8: =IF(COUNT(C8:I8)<2,"",IF(L8>$D$3,"Methods disagree","Consistent")) | O8: 2 α from every method fills in automatically; a blank means no data on that sheet.
A9: S3 | B9: =IF(A9="","",IFERROR(INDEX(DSC!$C$23:$C$42,MATCH(A9,DSC!$A$23:$A$42,0)),IFERROR(INDEX(FTIR!$C$11:$C$35,MATCH(A9,FTIR!$A$11:$A$35,0)),IFERROR(INDEX(DMA!$C$18:$C$37,MATCH(A9,DMA!$A$18:$A$37,0)),IFERROR(INDEX(TMA!$C$20:$C$39,MATCH(A9,TMA!$A$20:$A$39,0)),IFERROR(INDEX(TMA!$C$43:$C$62,MATCH(A9,TMA!$A$43:$A$62,0)),"")))))) | C9: =IF($A9="","",IFERROR(INDEX(DSC!$H$23:$H$42,MATCH($A9,DSC!$A$23:$A$42,0)),"")) | D9: =IF($A9="","",IFERROR(INDEX(DSC!$K$23:$K$42,MATCH($A9,DSC!$A$23:$A$42,0)),"")) | E9: =IF($A9="","",IFERROR(INDEX(FTIR!$H$11:$H$35,MATCH($A9,FTIR!$A$11:$A$35,0)),"")) | F9: =IF($A9="","",IFERROR(INDEX(DMA!$K$18:$K$37,MATCH($A9,DMA!$A$18:$A$37,0)),"")) | G9: =IF($A9="","",IFERROR(INDEX(DMA!$L$18:$L$37,MATCH($A9,DMA!$A$18:$A$37,0)),"")) | H9: =IF($A9="","",IFERROR(INDEX(TMA!$S$20:$S$39,MATCH($A9,TMA!$A$20:$A$39,0)),"")) | I9: =IF($A9="","",IFERROR(INDEX(TMA!$T$43:$T$62,MATCH($A9,TMA!$A$43:$A$62,0)),"")) | J9: =IF(COUNT(C9:I9)=0,"",AVERAGE(C9:I9)) | K9: =IF(COUNT(C9:I9)<2,"",STDEV(C9:I9)) | L9: =IF(COUNT(C9:I9)<2,"",MAX(C9:I9)-MIN(C9:I9)) | M9: =IF(COUNT(C9:I9)<2,"",IF(L9>$D$3,"Methods disagree","Consistent")) | O9: 3 D3 sets the agreement tolerance (default 5 percentage points).
A10: S4 | B10: =IF(A10="","",IFERROR(INDEX(DSC!$C$23:$C$42,MATCH(A10,DSC!$A$23:$A$42,0)),IFERROR(INDEX(FTIR!$C$11:$C$35,MATCH(A10,FTIR!$A$11:$A$35,0)),IFERROR(INDEX(DMA!$C$18:$C$37,MATCH(A10,DMA!$A$18:$A$37,0)),IFERROR(INDEX(TMA!$C$20:$C$39,MATCH(A10,TMA!$A$20:$A$39,0)),IFERROR(INDEX(TMA!$C$43:$C$62,MATCH(A10,TMA!$A$43:$A$62,0)),"")))))) | C10: =IF($A10="","",IFERROR(INDEX(DSC!$H$23:$H$42,MATCH($A10,DSC!$A$23:$A$42,0)),"")) | D10: =IF($A10="","",IFERROR(INDEX(DSC!$K$23:$K$42,MATCH($A10,DSC!$A$23:$A$42,0)),"")) | E10: =IF($A10="","",IFERROR(INDEX(FTIR!$H$11:$H$35,MATCH($A10,FTIR!$A$11:$A$35,0)),"")) | F10: =IF($A10="","",IFERROR(INDEX(DMA!$K$18:$K$37,MATCH($A10,DMA!$A$18:$A$37,0)),"")) | G10: =IF($A10="","",IFERROR(INDEX(DMA!$L$18:$L$37,MATCH($A10,DMA!$A$18:$A$37,0)),"")) | H10: =IF($A10="","",IFERROR(INDEX(TMA!$S$20:$S$39,MATCH($A10,TMA!$A$20:$A$39,0)),"")) | I10: =IF($A10="","",IFERROR(INDEX(TMA!$T$43:$T$62,MATCH($A10,TMA!$A$43:$A$62,0)),"")) | J10: =IF(COUNT(C10:I10)=0,"",AVERAGE(C10:I10)) | K10: =IF(COUNT(C10:I10)<2,"",STDEV(C10:I10)) | L10: =IF(COUNT(C10:I10)<2,"",MAX(C10:I10)-MIN(C10:I10)) | M10: =IF(COUNT(C10:I10)<2,"",IF(L10>$D$3,"Methods disagree","Consistent")) | O10: 4 Columns J–L: mean, standard deviation and range of the methods that have data.
B11: =IF(A11="","",IFERROR(INDEX(DSC!$C$23:$C$42,MATCH(A11,DSC!$A$23:$A$42,0)),IFERROR(INDEX(FTIR!$C$11:$C$35,MATCH(A11,FTIR!$A$11:$A$35,0)),IFERROR(INDEX(DMA!$C$18:$C$37,MATCH(A11,DMA!$A$18:$A$37,0)),IFERROR(INDEX(TMA!$C$20:$C$39,MATCH(A11,TMA!$A$20:$A$39,0)),IFERROR(INDEX(TMA!$C$43:$C$62,MATCH(A11,TMA!$A$43:$A$62,0)),"")))))) | C11: =IF($A11="","",IFERROR(INDEX(DSC!$H$23:$H$42,MATCH($A11,DSC!$A$23:$A$42,0)),"")) | D11: =IF($A11="","",IFERROR(INDEX(DSC!$K$23:$K$42,MATCH($A11,DSC!$A$23:$A$42,0)),"")) | E11: =IF($A11="","",IFERROR(INDEX(FTIR!$H$11:$H$35,MATCH($A11,FTIR!$A$11:$A$35,0)),"")) | F11: =IF($A11="","",IFERROR(INDEX(DMA!$K$18:$K$37,MATCH($A11,DMA!$A$18:$A$37,0)),"")) | G11: =IF($A11="","",IFERROR(INDEX(DMA!$L$18:$L$37,MATCH($A11,DMA!$A$18:$A$37,0)),"")) | H11: =IF($A11="","",IFERROR(INDEX(TMA!$S$20:$S$39,MATCH($A11,TMA!$A$20:$A$39,0)),"")) | I11: =IF($A11="","",IFERROR(INDEX(TMA!$T$43:$T$62,MATCH($A11,TMA!$A$43:$A$62,0)),"")) | J11: =IF(COUNT(C11:I11)=0,"",AVERAGE(C11:I11)) | K11: =IF(COUNT(C11:I11)<2,"",STDEV(C11:I11)) | L11: =IF(COUNT(C11:I11)<2,"",MAX(C11:I11)-MIN(C11:I11)) | M11: =IF(COUNT(C11:I11)<2,"",IF(L11>$D$3,"Methods disagree","Consistent")) | O11: Reading disagreements
B12: =IF(A12="","",IFERROR(INDEX(DSC!$C$23:$C$42,MATCH(A12,DSC!$A$23:$A$42,0)),IFERROR(INDEX(FTIR!$C$11:$C$35,MATCH(A12,FTIR!$A$11:$A$35,0)),IFERROR(INDEX(DMA!$C$18:$C$37,MATCH(A12,DMA!$A$18:$A$37,0)),IFERROR(INDEX(TMA!$C$20:$C$39,MATCH(A12,TMA!$A$20:$A$39,0)),IFERROR(INDEX(TMA!$C$43:$C$62,MATCH(A12,TMA!$A$43:$A$62,0)),"")))))) | C12: =IF($A12="","",IFERROR(INDEX(DSC!$H$23:$H$42,MATCH($A12,DSC!$A$23:$A$42,0)),"")) | D12: =IF($A12="","",IFERROR(INDEX(DSC!$K$23:$K$42,MATCH($A12,DSC!$A$23:$A$42,0)),"")) | E12: =IF($A12="","",IFERROR(INDEX(FTIR!$H$11:$H$35,MATCH($A12,FTIR!$A$11:$A$35,0)),"")) | F12: =IF($A12="","",IFERROR(INDEX(DMA!$K$18:$K$37,MATCH($A12,DMA!$A$18:$A$37,0)),"")) | G12: =IF($A12="","",IFERROR(INDEX(DMA!$L$18:$L$37,MATCH($A12,DMA!$A$18:$A$37,0)),"")) | H12: =IF($A12="","",IFERROR(INDEX(TMA!$S$20:$S$39,MATCH($A12,TMA!$A$20:$A$39,0)),"")) | I12: =IF($A12="","",IFERROR(INDEX(TMA!$T$43:$T$62,MATCH($A12,TMA!$A$43:$A$62,0)),"")) | J12: =IF(COUNT(C12:I12)=0,"",AVERAGE(C12:I12)) | K12: =IF(COUNT(C12:I12)<2,"",STDEV(C12:I12)) | L12: =IF(COUNT(C12:I12)<2,"",MAX(C12:I12)-MIN(C12:I12)) | M12: =IF(COUNT(C12:I12)<2,"",IF(L12>$D$3,"Methods disagree","Consistent")) | O12: • FTIR > DSC heat → NCO used without urethane heat: moisture → urea, allophanate, isocyanurate.
B13: =IF(A13="","",IFERROR(INDEX(DSC!$C$23:$C$42,MATCH(A13,DSC!$A$23:$A$42,0)),IFERROR(INDEX(FTIR!$C$11:$C$35,MATCH(A13,FTIR!$A$11:$A$35,0)),IFERROR(INDEX(DMA!$C$18:$C$37,MATCH(A13,DMA!$A$18:$A$37,0)),IFERROR(INDEX(TMA!$C$20:$C$39,MATCH(A13,TMA!$A$20:$A$39,0)),IFERROR(INDEX(TMA!$C$43:$C$62,MATCH(A13,TMA!$A$43:$A$62,0)),"")))))) | C13: =IF($A13="","",IFERROR(INDEX(DSC!$H$23:$H$42,MATCH($A13,DSC!$A$23:$A$42,0)),"")) | D13: =IF($A13="","",IFERROR(INDEX(DSC!$K$23:$K$42,MATCH($A13,DSC!$A$23:$A$42,0)),"")) | E13: =IF($A13="","",IFERROR(INDEX(FTIR!$H$11:$H$35,MATCH($A13,FTIR!$A$11:$A$35,0)),"")) | F13: =IF($A13="","",IFERROR(INDEX(DMA!$K$18:$K$37,MATCH($A13,DMA!$A$18:$A$37,0)),"")) | G13: =IF($A13="","",IFERROR(INDEX(DMA!$L$18:$L$37,MATCH($A13,DMA!$A$18:$A$37,0)),"")) | H13: =IF($A13="","",IFERROR(INDEX(TMA!$S$20:$S$39,MATCH($A13,TMA!$A$20:$A$39,0)),"")) | I13: =IF($A13="","",IFERROR(INDEX(TMA!$T$43:$T$62,MATCH($A13,TMA!$A$43:$A$62,0)),"")) | J13: =IF(COUNT(C13:I13)=0,"",AVERAGE(C13:I13)) | K13: =IF(COUNT(C13:I13)<2,"",STDEV(C13:I13)) | L13: =IF(COUNT(C13:I13)<2,"",MAX(C13:I13)-MIN(C13:I13)) | M13: =IF(COUNT(C13:I13)<2,"",IF(L13>$D$3,"Methods disagree","Consistent")) | O13: • Modulus routes (DMA, TMA) > others → physical crosslinks or hard-segment phase separation.
B14: =IF(A14="","",IFERROR(INDEX(DSC!$C$23:$C$42,MATCH(A14,DSC!$A$23:$A$42,0)),IFERROR(INDEX(FTIR!$C$11:$C$35,MATCH(A14,FTIR!$A$11:$A$35,0)),IFERROR(INDEX(DMA!$C$18:$C$37,MATCH(A14,DMA!$A$18:$A$37,0)),IFERROR(INDEX(TMA!$C$20:$C$39,MATCH(A14,TMA!$A$20:$A$39,0)),IFERROR(INDEX(TMA!$C$43:$C$62,MATCH(A14,TMA!$A$43:$A$62,0)),"")))))) | C14: =IF($A14="","",IFERROR(INDEX(DSC!$H$23:$H$42,MATCH($A14,DSC!$A$23:$A$42,0)),"")) | D14: =IF($A14="","",IFERROR(INDEX(DSC!$K$23:$K$42,MATCH($A14,DSC!$A$23:$A$42,0)),"")) | E14: =IF($A14="","",IFERROR(INDEX(FTIR!$H$11:$H$35,MATCH($A14,FTIR!$A$11:$A$35,0)),"")) | F14: =IF($A14="","",IFERROR(INDEX(DMA!$K$18:$K$37,MATCH($A14,DMA!$A$18:$A$37,0)),"")) | G14: =IF($A14="","",IFERROR(INDEX(DMA!$L$18:$L$37,MATCH($A14,DMA!$A$18:$A$37,0)),"")) | H14: =IF($A14="","",IFERROR(INDEX(TMA!$S$20:$S$39,MATCH($A14,TMA!$A$20:$A$39,0)),"")) | I14: =IF($A14="","",IFERROR(INDEX(TMA!$T$43:$T$62,MATCH($A14,TMA!$A$43:$A$62,0)),"")) | J14: =IF(COUNT(C14:I14)=0,"",AVERAGE(C14:I14)) | K14: =IF(COUNT(C14:I14)<2,"",STDEV(C14:I14)) | L14: =IF(COUNT(C14:I14)<2,"",MAX(C14:I14)-MIN(C14:I14)) | M14: =IF(COUNT(C14:I14)<2,"",IF(L14>$D$3,"Methods disagree","Consistent")) | O14: • Tg routes scatter at low α → Tg barely moves early in cure when λ < 1; trust heat or FTIR there.
B15: =IF(A15="","",IFERROR(INDEX(DSC!$C$23:$C$42,MATCH(A15,DSC!$A$23:$A$42,0)),IFERROR(INDEX(FTIR!$C$11:$C$35,MATCH(A15,FTIR!$A$11:$A$35,0)),IFERROR(INDEX(DMA!$C$18:$C$37,MATCH(A15,DMA!$A$18:$A$37,0)),IFERROR(INDEX(TMA!$C$20:$C$39,MATCH(A15,TMA!$A$20:$A$39,0)),IFERROR(INDEX(TMA!$C$43:$C$62,MATCH(A15,TMA!$A$43:$A$62,0)),"")))))) | C15: =IF($A15="","",IFERROR(INDEX(DSC!$H$23:$H$42,MATCH($A15,DSC!$A$23:$A$42,0)),"")) | D15: =IF($A15="","",IFERROR(INDEX(DSC!$K$23:$K$42,MATCH($A15,DSC!$A$23:$A$42,0)),"")) | E15: =IF($A15="","",IFERROR(INDEX(FTIR!$H$11:$H$35,MATCH($A15,FTIR!$A$11:$A$35,0)),"")) | F15: =IF($A15="","",IFERROR(INDEX(DMA!$K$18:$K$37,MATCH($A15,DMA!$A$18:$A$37,0)),"")) | G15: =IF($A15="","",IFERROR(INDEX(DMA!$L$18:$L$37,MATCH($A15,DMA!$A$18:$A$37,0)),"")) | H15: =IF($A15="","",IFERROR(INDEX(TMA!$S$20:$S$39,MATCH($A15,TMA!$A$20:$A$39,0)),"")) | I15: =IF($A15="","",IFERROR(INDEX(TMA!$T$43:$T$62,MATCH($A15,TMA!$A$43:$A$62,0)),"")) | J15: =IF(COUNT(C15:I15)=0,"",AVERAGE(C15:I15)) | K15: =IF(COUNT(C15:I15)<2,"",STDEV(C15:I15)) | L15: =IF(COUNT(C15:I15)<2,"",MAX(C15:I15)-MIN(C15:I15)) | M15: =IF(COUNT(C15:I15)<2,"",IF(L15>$D$3,"Methods disagree","Consistent")) | O15: • DSC heat low at high α → a small residual exotherm lost in noise, or a baseline drawn too high.
B16: =IF(A16="","",IFERROR(INDEX(DSC!$C$23:$C$42,MATCH(A16,DSC!$A$23:$A$42,0)),IFERROR(INDEX(FTIR!$C$11:$C$35,MATCH(A16,FTIR!$A$11:$A$35,0)),IFERROR(INDEX(DMA!$C$18:$C$37,MATCH(A16,DMA!$A$18:$A$37,0)),IFERROR(INDEX(TMA!$C$20:$C$39,MATCH(A16,TMA!$A$20:$A$39,0)),IFERROR(INDEX(TMA!$C$43:$C$62,MATCH(A16,TMA!$A$43:$A$62,0)),"")))))) | C16: =IF($A16="","",IFERROR(INDEX(DSC!$H$23:$H$42,MATCH($A16,DSC!$A$23:$A$42,0)),"")) | D16: =IF($A16="","",IFERROR(INDEX(DSC!$K$23:$K$42,MATCH($A16,DSC!$A$23:$A$42,0)),"")) | E16: =IF($A16="","",IFERROR(INDEX(FTIR!$H$11:$H$35,MATCH($A16,FTIR!$A$11:$A$35,0)),"")) | F16: =IF($A16="","",IFERROR(INDEX(DMA!$K$18:$K$37,MATCH($A16,DMA!$A$18:$A$37,0)),"")) | G16: =IF($A16="","",IFERROR(INDEX(DMA!$L$18:$L$37,MATCH($A16,DMA!$A$18:$A$37,0)),"")) | H16: =IF($A16="","",IFERROR(INDEX(TMA!$S$20:$S$39,MATCH($A16,TMA!$A$20:$A$39,0)),"")) | I16: =IF($A16="","",IFERROR(INDEX(TMA!$T$43:$T$62,MATCH($A16,TMA!$A$43:$A$62,0)),"")) | J16: =IF(COUNT(C16:I16)=0,"",AVERAGE(C16:I16)) | K16: =IF(COUNT(C16:I16)<2,"",STDEV(C16:I16)) | L16: =IF(COUNT(C16:I16)<2,"",MAX(C16:I16)-MIN(C16:I16)) | M16: =IF(COUNT(C16:I16)<2,"",IF(L16>$D$3,"Methods disagree","Consistent")) | O16: Specimens
B17: =IF(A17="","",IFERROR(INDEX(DSC!$C$23:$C$42,MATCH(A17,DSC!$A$23:$A$42,0)),IFERROR(INDEX(FTIR!$C$11:$C$35,MATCH(A17,FTIR!$A$11:$A$35,0)),IFERROR(INDEX(DMA!$C$18:$C$37,MATCH(A17,DMA!$A$18:$A$37,0)),IFERROR(INDEX(TMA!$C$20:$C$39,MATCH(A17,TMA!$A$20:$A$39,0)),IFERROR(INDEX(TMA!$C$43:$C$62,MATCH(A17,TMA!$A$43:$A$62,0)),"")))))) | C17: =IF($A17="","",IFERROR(INDEX(DSC!$H$23:$H$42,MATCH($A17,DSC!$A$23:$A$42,0)),"")) | D17: =IF($A17="","",IFERROR(INDEX(DSC!$K$23:$K$42,MATCH($A17,DSC!$A$23:$A$42,0)),"")) | E17: =IF($A17="","",IFERROR(INDEX(FTIR!$H$11:$H$35,MATCH($A17,FTIR!$A$11:$A$35,0)),"")) | F17: =IF($A17="","",IFERROR(INDEX(DMA!$K$18:$K$37,MATCH($A17,DMA!$A$18:$A$37,0)),"")) | G17: =IF($A17="","",IFERROR(INDEX(DMA!$L$18:$L$37,MATCH($A17,DMA!$A$18:$A$37,0)),"")) | H17: =IF($A17="","",IFERROR(INDEX(TMA!$S$20:$S$39,MATCH($A17,TMA!$A$20:$A$39,0)),"")) | I17: =IF($A17="","",IFERROR(INDEX(TMA!$T$43:$T$62,MATCH($A17,TMA!$A$43:$A$62,0)),"")) | J17: =IF(COUNT(C17:I17)=0,"",AVERAGE(C17:I17)) | K17: =IF(COUNT(C17:I17)<2,"",STDEV(C17:I17)) | L17: =IF(COUNT(C17:I17)<2,"",MAX(C17:I17)-MIN(C17:I17)) | M17: =IF(COUNT(C17:I17)<2,"",IF(L17>$D$3,"Methods disagree","Consistent")) | O17: Matched specimens: one batch, cured together, the same Sample ID on every sheet.
B18: =IF(A18="","",IFERROR(INDEX(DSC!$C$23:$C$42,MATCH(A18,DSC!$A$23:$A$42,0)),IFERROR(INDEX(FTIR!$C$11:$C$35,MATCH(A18,FTIR!$A$11:$A$35,0)),IFERROR(INDEX(DMA!$C$18:$C$37,MATCH(A18,DMA!$A$18:$A$37,0)),IFERROR(INDEX(TMA!$C$20:$C$39,MATCH(A18,TMA!$A$20:$A$39,0)),IFERROR(INDEX(TMA!$C$43:$C$62,MATCH(A18,TMA!$A$43:$A$62,0)),"")))))) | C18: =IF($A18="","",IFERROR(INDEX(DSC!$H$23:$H$42,MATCH($A18,DSC!$A$23:$A$42,0)),"")) | D18: =IF($A18="","",IFERROR(INDEX(DSC!$K$23:$K$42,MATCH($A18,DSC!$A$23:$A$42,0)),"")) | E18: =IF($A18="","",IFERROR(INDEX(FTIR!$H$11:$H$35,MATCH($A18,FTIR!$A$11:$A$35,0)),"")) | F18: =IF($A18="","",IFERROR(INDEX(DMA!$K$18:$K$37,MATCH($A18,DMA!$A$18:$A$37,0)),"")) | G18: =IF($A18="","",IFERROR(INDEX(DMA!$L$18:$L$37,MATCH($A18,DMA!$A$18:$A$37,0)),"")) | H18: =IF($A18="","",IFERROR(INDEX(TMA!$S$20:$S$39,MATCH($A18,TMA!$A$20:$A$39,0)),"")) | I18: =IF($A18="","",IFERROR(INDEX(TMA!$T$43:$T$62,MATCH($A18,TMA!$A$43:$A$62,0)),"")) | J18: =IF(COUNT(C18:I18)=0,"",AVERAGE(C18:I18)) | K18: =IF(COUNT(C18:I18)<2,"",STDEV(C18:I18)) | L18: =IF(COUNT(C18:I18)<2,"",MAX(C18:I18)-MIN(C18:I18)) | M18: =IF(COUNT(C18:I18)<2,"",IF(L18>$D$3,"Methods disagree","Consistent")) | O18: ▸ Full preparation protocol for this sheet (Sample_Prep)
B19: =IF(A19="","",IFERROR(INDEX(DSC!$C$23:$C$42,MATCH(A19,DSC!$A$23:$A$42,0)),IFERROR(INDEX(FTIR!$C$11:$C$35,MATCH(A19,FTIR!$A$11:$A$35,0)),IFERROR(INDEX(DMA!$C$18:$C$37,MATCH(A19,DMA!$A$18:$A$37,0)),IFERROR(INDEX(TMA!$C$20:$C$39,MATCH(A19,TMA!$A$20:$A$39,0)),IFERROR(INDEX(TMA!$C$43:$C$62,MATCH(A19,TMA!$A$43:$A$62,0)),"")))))) | C19: =IF($A19="","",IFERROR(INDEX(DSC!$H$23:$H$42,MATCH($A19,DSC!$A$23:$A$42,0)),"")) | D19: =IF($A19="","",IFERROR(INDEX(DSC!$K$23:$K$42,MATCH($A19,DSC!$A$23:$A$42,0)),"")) | E19: =IF($A19="","",IFERROR(INDEX(FTIR!$H$11:$H$35,MATCH($A19,FTIR!$A$11:$A$35,0)),"")) | F19: =IF($A19="","",IFERROR(INDEX(DMA!$K$18:$K$37,MATCH($A19,DMA!$A$18:$A$37,0)),"")) | G19: =IF($A19="","",IFERROR(INDEX(DMA!$L$18:$L$37,MATCH($A19,DMA!$A$18:$A$37,0)),"")) | H19: =IF($A19="","",IFERROR(INDEX(TMA!$S$20:$S$39,MATCH($A19,TMA!$A$20:$A$39,0)),"")) | I19: =IF($A19="","",IFERROR(INDEX(TMA!$T$43:$T$62,MATCH($A19,TMA!$A$43:$A$62,0)),"")) | J19: =IF(COUNT(C19:I19)=0,"",AVERAGE(C19:I19)) | K19: =IF(COUNT(C19:I19)<2,"",STDEV(C19:I19)) | L19: =IF(COUNT(C19:I19)<2,"",MAX(C19:I19)-MIN(C19:I19)) | M19: =IF(COUNT(C19:I19)<2,"",IF(L19>$D$3,"Methods disagree","Consistent"))
B20: =IF(A20="","",IFERROR(INDEX(DSC!$C$23:$C$42,MATCH(A20,DSC!$A$23:$A$42,0)),IFERROR(INDEX(FTIR!$C$11:$C$35,MATCH(A20,FTIR!$A$11:$A$35,0)),IFERROR(INDEX(DMA!$C$18:$C$37,MATCH(A20,DMA!$A$18:$A$37,0)),IFERROR(INDEX(TMA!$C$20:$C$39,MATCH(A20,TMA!$A$20:$A$39,0)),IFERROR(INDEX(TMA!$C$43:$C$62,MATCH(A20,TMA!$A$43:$A$62,0)),"")))))) | C20: =IF($A20="","",IFERROR(INDEX(DSC!$H$23:$H$42,MATCH($A20,DSC!$A$23:$A$42,0)),"")) | D20: =IF($A20="","",IFERROR(INDEX(DSC!$K$23:$K$42,MATCH($A20,DSC!$A$23:$A$42,0)),"")) | E20: =IF($A20="","",IFERROR(INDEX(FTIR!$H$11:$H$35,MATCH($A20,FTIR!$A$11:$A$35,0)),"")) | F20: =IF($A20="","",IFERROR(INDEX(DMA!$K$18:$K$37,MATCH($A20,DMA!$A$18:$A$37,0)),"")) | G20: =IF($A20="","",IFERROR(INDEX(DMA!$L$18:$L$37,MATCH($A20,DMA!$A$18:$A$37,0)),"")) | H20: =IF($A20="","",IFERROR(INDEX(TMA!$S$20:$S$39,MATCH($A20,TMA!$A$20:$A$39,0)),"")) | I20: =IF($A20="","",IFERROR(INDEX(TMA!$T$43:$T$62,MATCH($A20,TMA!$A$43:$A$62,0)),"")) | J20: =IF(COUNT(C20:I20)=0,"",AVERAGE(C20:I20)) | K20: =IF(COUNT(C20:I20)<2,"",STDEV(C20:I20)) | L20: =IF(COUNT(C20:I20)<2,"",MAX(C20:I20)-MIN(C20:I20)) | M20: =IF(COUNT(C20:I20)<2,"",IF(L20>$D$3,"Methods disagree","Consistent")) | O20: Figure — schematic only: the usual patterns when methods disagree.
B21: =IF(A21="","",IFERROR(INDEX(DSC!$C$23:$C$42,MATCH(A21,DSC!$A$23:$A$42,0)),IFERROR(INDEX(FTIR!$C$11:$C$35,MATCH(A21,FTIR!$A$11:$A$35,0)),IFERROR(INDEX(DMA!$C$18:$C$37,MATCH(A21,DMA!$A$18:$A$37,0)),IFERROR(INDEX(TMA!$C$20:$C$39,MATCH(A21,TMA!$A$20:$A$39,0)),IFERROR(INDEX(TMA!$C$43:$C$62,MATCH(A21,TMA!$A$43:$A$62,0)),"")))))) | C21: =IF($A21="","",IFERROR(INDEX(DSC!$H$23:$H$42,MATCH($A21,DSC!$A$23:$A$42,0)),"")) | D21: =IF($A21="","",IFERROR(INDEX(DSC!$K$23:$K$42,MATCH($A21,DSC!$A$23:$A$42,0)),"")) | E21: =IF($A21="","",IFERROR(INDEX(FTIR!$H$11:$H$35,MATCH($A21,FTIR!$A$11:$A$35,0)),"")) | F21: =IF($A21="","",IFERROR(INDEX(DMA!$K$18:$K$37,MATCH($A21,DMA!$A$18:$A$37,0)),"")) | G21: =IF($A21="","",IFERROR(INDEX(DMA!$L$18:$L$37,MATCH($A21,DMA!$A$18:$A$37,0)),"")) | H21: =IF($A21="","",IFERROR(INDEX(TMA!$S$20:$S$39,MATCH($A21,TMA!$A$20:$A$39,0)),"")) | I21: =IF($A21="","",IFERROR(INDEX(TMA!$T$43:$T$62,MATCH($A21,TMA!$A$43:$A$62,0)),"")) | J21: =IF(COUNT(C21:I21)=0,"",AVERAGE(C21:I21)) | K21: =IF(COUNT(C21:I21)<2,"",STDEV(C21:I21)) | L21: =IF(COUNT(C21:I21)<2,"",MAX(C21:I21)-MIN(C21:I21)) | M21: =IF(COUNT(C21:I21)<2,"",IF(L21>$D$3,"Methods disagree","Consistent"))
B22: =IF(A22="","",IFERROR(INDEX(DSC!$C$23:$C$42,MATCH(A22,DSC!$A$23:$A$42,0)),IFERROR(INDEX(FTIR!$C$11:$C$35,MATCH(A22,FTIR!$A$11:$A$35,0)),IFERROR(INDEX(DMA!$C$18:$C$37,MATCH(A22,DMA!$A$18:$A$37,0)),IFERROR(INDEX(TMA!$C$20:$C$39,MATCH(A22,TMA!$A$20:$A$39,0)),IFERROR(INDEX(TMA!$C$43:$C$62,MATCH(A22,TMA!$A$43:$A$62,0)),"")))))) | C22: =IF($A22="","",IFERROR(INDEX(DSC!$H$23:$H$42,MATCH($A22,DSC!$A$23:$A$42,0)),"")) | D22: =IF($A22="","",IFERROR(INDEX(DSC!$K$23:$K$42,MATCH($A22,DSC!$A$23:$A$42,0)),"")) | E22: =IF($A22="","",IFERROR(INDEX(FTIR!$H$11:$H$35,MATCH($A22,FTIR!$A$11:$A$35,0)),"")) | F22: =IF($A22="","",IFERROR(INDEX(DMA!$K$18:$K$37,MATCH($A22,DMA!$A$18:$A$37,0)),"")) | G22: =IF($A22="","",IFERROR(INDEX(DMA!$L$18:$L$37,MATCH($A22,DMA!$A$18:$A$37,0)),"")) | H22: =IF($A22="","",IFERROR(INDEX(TMA!$S$20:$S$39,MATCH($A22,TMA!$A$20:$A$39,0)),"")) | I22: =IF($A22="","",IFERROR(INDEX(TMA!$T$43:$T$62,MATCH($A22,TMA!$A$43:$A$62,0)),"")) | J22: =IF(COUNT(C22:I22)=0,"",AVERAGE(C22:I22)) | K22: =IF(COUNT(C22:I22)<2,"",STDEV(C22:I22)) | L22: =IF(COUNT(C22:I22)<2,"",MAX(C22:I22)-MIN(C22:I22)) | M22: =IF(COUNT(C22:I22)<2,"",IF(L22>$D$3,"Methods disagree","Consistent"))
B23: =IF(A23="","",IFERROR(INDEX(DSC!$C$23:$C$42,MATCH(A23,DSC!$A$23:$A$42,0)),IFERROR(INDEX(FTIR!$C$11:$C$35,MATCH(A23,FTIR!$A$11:$A$35,0)),IFERROR(INDEX(DMA!$C$18:$C$37,MATCH(A23,DMA!$A$18:$A$37,0)),IFERROR(INDEX(TMA!$C$20:$C$39,MATCH(A23,TMA!$A$20:$A$39,0)),IFERROR(INDEX(TMA!$C$43:$C$62,MATCH(A23,TMA!$A$43:$A$62,0)),"")))))) | C23: =IF($A23="","",IFERROR(INDEX(DSC!$H$23:$H$42,MATCH($A23,DSC!$A$23:$A$42,0)),"")) | D23: =IF($A23="","",IFERROR(INDEX(DSC!$K$23:$K$42,MATCH($A23,DSC!$A$23:$A$42,0)),"")) | E23: =IF($A23="","",IFERROR(INDEX(FTIR!$H$11:$H$35,MATCH($A23,FTIR!$A$11:$A$35,0)),"")) | F23: =IF($A23="","",IFERROR(INDEX(DMA!$K$18:$K$37,MATCH($A23,DMA!$A$18:$A$37,0)),"")) | G23: =IF($A23="","",IFERROR(INDEX(DMA!$L$18:$L$37,MATCH($A23,DMA!$A$18:$A$37,0)),"")) | H23: =IF($A23="","",IFERROR(INDEX(TMA!$S$20:$S$39,MATCH($A23,TMA!$A$20:$A$39,0)),"")) | I23: =IF($A23="","",IFERROR(INDEX(TMA!$T$43:$T$62,MATCH($A23,TMA!$A$43:$A$62,0)),"")) | J23: =IF(COUNT(C23:I23)=0,"",AVERAGE(C23:I23)) | K23: =IF(COUNT(C23:I23)<2,"",STDEV(C23:I23)) | L23: =IF(COUNT(C23:I23)<2,"",MAX(C23:I23)-MIN(C23:I23)) | M23: =IF(COUNT(C23:I23)<2,"",IF(L23>$D$3,"Methods disagree","Consistent"))
B24: =IF(A24="","",IFERROR(INDEX(DSC!$C$23:$C$42,MATCH(A24,DSC!$A$23:$A$42,0)),IFERROR(INDEX(FTIR!$C$11:$C$35,MATCH(A24,FTIR!$A$11:$A$35,0)),IFERROR(INDEX(DMA!$C$18:$C$37,MATCH(A24,DMA!$A$18:$A$37,0)),IFERROR(INDEX(TMA!$C$20:$C$39,MATCH(A24,TMA!$A$20:$A$39,0)),IFERROR(INDEX(TMA!$C$43:$C$62,MATCH(A24,TMA!$A$43:$A$62,0)),"")))))) | C24: =IF($A24="","",IFERROR(INDEX(DSC!$H$23:$H$42,MATCH($A24,DSC!$A$23:$A$42,0)),"")) | D24: =IF($A24="","",IFERROR(INDEX(DSC!$K$23:$K$42,MATCH($A24,DSC!$A$23:$A$42,0)),"")) | E24: =IF($A24="","",IFERROR(INDEX(FTIR!$H$11:$H$35,MATCH($A24,FTIR!$A$11:$A$35,0)),"")) | F24: =IF($A24="","",IFERROR(INDEX(DMA!$K$18:$K$37,MATCH($A24,DMA!$A$18:$A$37,0)),"")) | G24: =IF($A24="","",IFERROR(INDEX(DMA!$L$18:$L$37,MATCH($A24,DMA!$A$18:$A$37,0)),"")) | H24: =IF($A24="","",IFERROR(INDEX(TMA!$S$20:$S$39,MATCH($A24,TMA!$A$20:$A$39,0)),"")) | I24: =IF($A24="","",IFERROR(INDEX(TMA!$T$43:$T$62,MATCH($A24,TMA!$A$43:$A$62,0)),"")) | J24: =IF(COUNT(C24:I24)=0,"",AVERAGE(C24:I24)) | K24: =IF(COUNT(C24:I24)<2,"",STDEV(C24:I24)) | L24: =IF(COUNT(C24:I24)<2,"",MAX(C24:I24)-MIN(C24:I24)) | M24: =IF(COUNT(C24:I24)<2,"",IF(L24>$D$3,"Methods disagree","Consistent"))
B25: =IF(A25="","",IFERROR(INDEX(DSC!$C$23:$C$42,MATCH(A25,DSC!$A$23:$A$42,0)),IFERROR(INDEX(FTIR!$C$11:$C$35,MATCH(A25,FTIR!$A$11:$A$35,0)),IFERROR(INDEX(DMA!$C$18:$C$37,MATCH(A25,DMA!$A$18:$A$37,0)),IFERROR(INDEX(TMA!$C$20:$C$39,MATCH(A25,TMA!$A$20:$A$39,0)),IFERROR(INDEX(TMA!$C$43:$C$62,MATCH(A25,TMA!$A$43:$A$62,0)),"")))))) | C25: =IF($A25="","",IFERROR(INDEX(DSC!$H$23:$H$42,MATCH($A25,DSC!$A$23:$A$42,0)),"")) | D25: =IF($A25="","",IFERROR(INDEX(DSC!$K$23:$K$42,MATCH($A25,DSC!$A$23:$A$42,0)),"")) | E25: =IF($A25="","",IFERROR(INDEX(FTIR!$H$11:$H$35,MATCH($A25,FTIR!$A$11:$A$35,0)),"")) | F25: =IF($A25="","",IFERROR(INDEX(DMA!$K$18:$K$37,MATCH($A25,DMA!$A$18:$A$37,0)),"")) | G25: =IF($A25="","",IFERROR(INDEX(DMA!$L$18:$L$37,MATCH($A25,DMA!$A$18:$A$37,0)),"")) | H25: =IF($A25="","",IFERROR(INDEX(TMA!$S$20:$S$39,MATCH($A25,TMA!$A$20:$A$39,0)),"")) | I25: =IF($A25="","",IFERROR(INDEX(TMA!$T$43:$T$62,MATCH($A25,TMA!$A$43:$A$62,0)),"")) | J25: =IF(COUNT(C25:I25)=0,"",AVERAGE(C25:I25)) | K25: =IF(COUNT(C25:I25)<2,"",STDEV(C25:I25)) | L25: =IF(COUNT(C25:I25)<2,"",MAX(C25:I25)-MIN(C25:I25)) | M25: =IF(COUNT(C25:I25)<2,"",IF(L25>$D$3,"Methods disagree","Consistent"))
A27: Blank = no data for that sample on that sheet (e.g. pre-gel samples have no DMA or TMA value). Text results such as "> theoretical" are excluded from the statistics.
A28: Typical pattern: FTIR ≥ DSC heat when side reactions consume NCO; the modulus routes (DMA, TMA) read high in phase-separated (segmented) PUs.

Sheet Formulation
A1: Formulation & Network Parameters | F1: HOW TO USE — Formulation
A2: Inputs here feed DSC (reactive fraction), FTIR (%NCO, OH conversion) and DMA (Miller–Macosko network model). ▸ How to use this sheet: column F | F2: ↩ Back to the Guide
A3: Parameter | B3: Value | C3: Units | D3: Note | F3: Steps
A4: Polyol mass | B4: 10 | C4: g | D4: Example: PPG triol, MW ≈ 3000 | F4: 1 Polyol (B4–B6): mass, equivalent weight per OH, functionality.
A5: Polyol equivalent weight (per OH) | B5: 1000 | C5: g/eq | D5: EW = 56100 / OH number (mg KOH/g) | F5: EW = 56100 / OH number (mg KOH/g). Take it from the CoA of the lot you actually used.
A6: Polyol functionality | B6: 3 | C6: – | D6: Integer; 2 for a diol | F6: 2 Isocyanate (B7–B9): mass, equivalent weight per NCO, functionality.
A7: Isocyanate mass | B7: 1.111 | C7: g | D7: Example: IPDI | F7: EW = 4202 / %NCO. IPDI 111.1 · HDI 84.1 · MDI 125.1 · TDI 87.1 g/eq.
A8: Isocyanate equivalent weight (per NCO) | B8: 111.1 | C8: g/eq | D8: EW = 4202 / %NCO. IPDI 111.1, HDI 84.1, MDI 125.1, TDI 87.1 | F8: 3 Non-reactive mass (plasticiser, filler, additives) and cured density (B10–B11).
A9: Isocyanate functionality | B9: 2 | C9: – | D9: Integer; 2 for a diisocyanate | F9: 4 Urethane ΔH (B12): keep 90 kJ/mol, or paste DSC!E13 once you have a fresh-mix reference scan.
A10: Non-reactive mass (plasticiser, filler, additives) | B10: 0 | C10: g | D10: Dilutes ΔH per gram of sample; corrected for on the DSC sheet | F10: 5 Check the results: index (B18), initial %NCO (B21), gel point (B27), theoretical ΔH (B31).
A11: Cured density | B11: 1.02 | C11: g/cm³ | D11: Of the whole formulation | F11: 6 B32 must read OK for the DMA and TMA modulus routes; otherwise rely on DSC, FTIR or the Tg routes.
A12: Urethane reaction enthalpy (magnitude) | B12: 90 | C12: kJ/mol NCO | D12: Sanity check only — see Guide. Replace with a value for your chemistry | F12: Every other sheet reads this one — keep one copy of the workbook per formulation.
F13: Specimens
A14: Calculated | F14: Titrate the OH number and %NCO of the actual lots, dry the polyol, and weigh on an analytical balance.
A15: OH equivalents | B15: =B4/B5 | C15: eq | F15: ▸ Full preparation protocol for this sheet (Sample_Prep)
A16: NCO equivalents | B16: =B7/B8 | C16: eq
A17: NCO:OH ratio, r | B17: =B16/B15 | C17: – | F17: Figure — where a network can form. Find your r on the x-axis; DMA and TMA need conversions above the gel curve.
A18: Isocyanate index | B18: =100*B17 | C18: –
A19: Total mass | B19: =B4+B7+B10 | C19: g
A20: Reactive mass fraction, w_r | B20: =(B4+B7)/B19 | C20: – | D20: Used on the DSC sheet
A21: Initial NCO content | B21: =B16*42.02/B19 | C21: wt fraction | D21: NCO = 42.02 g/mol
A22: Specimen volume | B22: =B19/B11*1E-6 | C22: m³
A23: Crosslinker functionality, f | B23: =MAX(B6,B9) | C23: –
A24: Crosslinker component | B24: =IF(B23<=2,"none (linear)",IF(B6>=B9,"Polyol","Isocyanate"))
A25: Crosslinker concentration, [Bf]0 | B25: =IF(B23<=2,0,IF(B6>=B9,B15/B6,B16/B9)/B22) | C25: mol/m³
A26: Maximum attainable NCO conversion | B26: =MIN(1,1/B17) | C26: – | D26: NCO in excess (r > 1) cannot fully react
A27: Gel-point NCO conversion, α_gel | B27: =IF(B23<=2,"no gel (linear)",IF(1/SQRT(B17*(B23-1))>B26,"no gel",1/SQRT(B17*(B23-1)))) | C27: – | D27: Flory–Stockmayer [r(f−1)]^−½
A28: k at maximum conversion (= r·α_max²) | B28: =B17*B26^2 | C28: –
A29: P(F_out) b at maximum conversion | B29: =IF(B23=3,IF(B28<=0.5,1,(1-B28)/B28),IF(B23=4,IF(B28<=1/3,1,(-B28+SQRT(4*B28-3*B28^2))/(2*B28)),1)) | C29: –
A30: Theoretical ν_e at maximum conversion | B30: =B25*IF(B23=3,1.5*(1-B29)^3,IF(B23=4,2*(1-B29)^4+6*B29*(1-B29)^3,0)) | C30: mol/m³ | D30: Miller–Macosko, elastically active strands
A31: Theoretical ΔH_total | B31: =B16*B12*1000/B19 | C31: J/g sample | D31: Compare with measured on DSC sheet
A32: Network-model check | B32: =IF(AND(MIN(B6,B9)=2,OR(B23=3,B23=4)),"OK — A2 + B"&B23&" Miller–Macosko model applies","WARNING — DMA/TMA modulus→α needs one difunctional component and a crosslinker with f = 3 or 4")

Sheet DSC
A1: DSC — residual exotherm and Tg | O1: HOW TO USE — DSC (residual heat)
A2: α = 1 − ΔH_res/ΔH_total on a reactive-resin basis; optional Tg route via DiBenedetto. ▸ How to use this sheet: column O | O2: ↩ Back to the Guide
A3: Reference: uncured, freshly mixed, full dynamic scan
A4: Replicate | B4: Sample mass (mg) | C4: ΔH_total (J/g sample) | D4: w_r | E4: ΔH_total (J/g reactive) | O4: Reference scan — rows 5–7 (skip if you will use the theoretical basis)
A5: Ref-1 | B5: 8.12 | C5: 79.4 | D5: =Formulation!$B$20 | E5: =IF(C5="","",C5/D5) | O5: 1 Mix fresh, load at once, cool below Tg0, then heat at 10 K/min through the whole exotherm.
A6: Ref-2 | B6: 7.95 | C6: 80.6 | D6: =Formulation!$B$20 | E6: =IF(C6="","",C6/D6) | O6: 2 Integrate the exotherm against a linear baseline; enter ΔH in J/g of sample (C5–C7).
D7: =Formulation!$B$20 | E7: =IF(C7="","",C7/D7) | O7: 3 E12 should be close to 100 %. Much lower: heat lost before the scan, or Formulation!B12 too high.
A8: Mean ΔH_total (J/g reactive) | E8: =IF(COUNT(E5:E7)=0,"",AVERAGE(E5:E7)) | O8: Choose the ΔH_total basis — E14
A9: Std. dev. | E9: =IF(COUNT(E5:E7)>1,STDEV(E5:E7),"") | O9: 4 Measured reference = rows 5–7. Theoretical (formulation) = no reference scan needed.
A10: RSD | E10: =IF(COUNT(E5:E7)>1,E9/E8,"") | O10: Partially cured samples — rows 23–42
A11: Theoretical ΔH (J/g reactive) | E11: =Formulation!B31/Formulation!B20 | O11: 5 Scan each sample at the same rate, integrate the same way, and enter ΔH_res in column E.
A12: Measured / theoretical | E12: =IF(E8="","",E8/E11) | F12: Low ratio → reaction before/while loading, or ΔH_urethane input too high | O12: 6 Conversion appears in column H.
A13: Urethane ΔH implied by reference (kJ/mol NCO) | E13: =IF(E8="","",E8*Formulation!B20*Formulation!B19/Formulation!B16/1000) | F13: Copy into Formulation!B12 to calibrate the theoretical basis (valid only if the reference scan reached full cure) | O13: Optional Tg route
A14: ΔH_total basis used for α ▼ | E14: Measured reference | H14: Theoretical = no uncured reference scan needed; accuracy then rests on Formulation!B12 | O14: 7 Enter the Tg midpoint in column I, then Tg0 and Tg∞ (B18–B19). Pick where λ comes from in G17:
A15: ΔH_total used (J/g reactive) | E15: =IF(E14="Theoretical (formulation)",E11,E8) | O15: Fitted (default) = least-squares fit to the residual-heat α of samples that have both (needs ≥ 2);
O16: ΔCp ratio = enter the Tg-step ΔCp of uncured and fully cured material in G18–H18;
A17: DiBenedetto parameters (DSC midpoint Tg) | E17: λ source ▼ | G17: Fitted to residual-heat α | O17: Tg0/Tg∞ estimate = first guess in kelvin; Manual = type λ in J21. B20 shows the λ in use.
A18: Tg0 — uncured (°C) | B18: -65 | C18: °C | E18: ΔCp0 | ΔCp∞ (J/g·K) | G18: 0.5 | H18: 0.23 | I18: → λ | J18: =IF(OR(G18="",H18="",G18=0),"",H18/G18) | O18: 8 Column K = α from Tg; column L = its gap to the heat result.
A19: Tg∞ — fully cured (°C) | B19: -40 | C19: °C | E19: Tg0 / Tg∞ in kelvin | J19: =(B18+273.15)/(B19+273.15) | O19: Specimens
A20: λ used (source picked in G17) | B20: =IF($G$17="ΔCp ratio",J18,IF($G$17="Tg0/Tg∞ estimate",J19,IF($G$17="Manual",J21,J20))) | C20: – | E20: Fitted to residual-heat α | G20: points used | H20: =Lambda_Fit!$AC$5 | J20: =Lambda_Fit!$AC$6 | O20: 5–10 mg in hermetic pans; best: seal pans of fresh mix at t = 0 and cure them in the oven with everything else.
A21: Tg∞: post-cure a sample until Tg stops rising | E21: Manual λ | J21: 0.45 | O21: ▸ Full preparation protocol for this sheet (Sample_Prep)
A22: Sample ID | B22: Cure temp (°C) | C22: Cure time (h) | D22: Sample mass (mg) | E22: ΔH_residual (J/g sample) | F22: w_r | G22: ΔH_residual (J/g reactive) | H22: α — residual heat | I22: Tg midpoint (°C) | J22: x = (Tg−Tg0)/(Tg∞−Tg0) | K22: α — DiBenedetto | L22: α(Tg) − α(heat) | M22: Notes
A23: S0 | B23: 60 | C23: 0 | D23: 8.05 | E23: 80 | F23: =Formulation!$B$20 | G23: =IF(E23="","",E23/F23) | H23: =IF(OR(G23="",$E$15=""),"",1-G23/$E$15) | I23: -65 | J23: =IF(I23="","",(I23-$B$18)/($B$19-$B$18)) | K23: =IF(OR(J23="",$B$20=""),"",J23/($B$20+J23*(1-$B$20))) | L23: =IF(OR(H23="",K23=""),"",K23-H23) | O23: Figure — left: what to integrate on each scan. Right: how λ shapes the Tg–conversion curve.
A24: S1 | B24: 60 | C24: 2 | D24: 7.88 | E24: 44 | F24: =Formulation!$B$20 | G24: =IF(E24="","",E24/F24) | H24: =IF(OR(G24="",$E$15=""),"",1-G24/$E$15) | I24: -58.3 | J24: =IF(I24="","",(I24-$B$18)/($B$19-$B$18)) | K24: =IF(OR(J24="",$B$20=""),"",J24/($B$20+J24*(1-$B$20))) | L24: =IF(OR(H24="",K24=""),"",K24-H24)
A25: S2 | B25: 60 | C25: 8 | D25: 8.21 | E25: 20 | F25: =Formulation!$B$20 | G25: =IF(E25="","",E25/F25) | H25: =IF(OR(G25="",$E$15=""),"",1-G25/$E$15) | I25: -50.6 | J25: =IF(I25="","",(I25-$B$18)/($B$19-$B$18)) | K25: =IF(OR(J25="",$B$20=""),"",J25/($B$20+J25*(1-$B$20))) | L25: =IF(OR(H25="",K25=""),"",K25-H25)
A26: S3 | B26: 60 | C26: 24 | D26: 7.92 | E26: 8 | F26: =Formulation!$B$20 | G26: =IF(E26="","",E26/F26) | H26: =IF(OR(G26="",$E$15=""),"",1-G26/$E$15) | I26: -45 | J26: =IF(I26="","",(I26-$B$18)/($B$19-$B$18)) | K26: =IF(OR(J26="",$B$20=""),"",J26/($B$20+J26*(1-$B$20))) | L26: =IF(OR(H26="",K26=""),"",K26-H26)
A27: S4 | B27: 60 | C27: 72 | D27: 8.1 | E27: 2.4 | F27: =Formulation!$B$20 | G27: =IF(E27="","",E27/F27) | H27: =IF(OR(G27="",$E$15=""),"",1-G27/$E$15) | I27: -41.6 | J27: =IF(I27="","",(I27-$B$18)/($B$19-$B$18)) | K27: =IF(OR(J27="",$B$20=""),"",J27/($B$20+J27*(1-$B$20))) | L27: =IF(OR(H27="",K27=""),"",K27-H27)
F28: =Formulation!$B$20 | G28: =IF(E28="","",E28/F28) | H28: =IF(OR(G28="",$E$15=""),"",1-G28/$E$15) | J28: =IF(I28="","",(I28-$B$18)/($B$19-$B$18)) | K28: =IF(OR(J28="",$B$20=""),"",J28/($B$20+J28*(1-$B$20))) | L28: =IF(OR(H28="",K28=""),"",K28-H28)
F29: =Formulation!$B$20 | G29: =IF(E29="","",E29/F29) | H29: =IF(OR(G29="",$E$15=""),"",1-G29/$E$15) | J29: =IF(I29="","",(I29-$B$18)/($B$19-$B$18)) | K29: =IF(OR(J29="",$B$20=""),"",J29/($B$20+J29*(1-$B$20))) | L29: =IF(OR(H29="",K29=""),"",K29-H29)
F30: =Formulation!$B$20 | G30: =IF(E30="","",E30/F30) | H30: =IF(OR(G30="",$E$15=""),"",1-G30/$E$15) | J30: =IF(I30="","",(I30-$B$18)/($B$19-$B$18)) | K30: =IF(OR(J30="",$B$20=""),"",J30/($B$20+J30*(1-$B$20))) | L30: =IF(OR(H30="",K30=""),"",K30-H30)
F31: =Formulation!$B$20 | G31: =IF(E31="","",E31/F31) | H31: =IF(OR(G31="",$E$15=""),"",1-G31/$E$15) | J31: =IF(I31="","",(I31-$B$18)/($B$19-$B$18)) | K31: =IF(OR(J31="",$B$20=""),"",J31/($B$20+J31*(1-$B$20))) | L31: =IF(OR(H31="",K31=""),"",K31-H31)
F32: =Formulation!$B$20 | G32: =IF(E32="","",E32/F32) | H32: =IF(OR(G32="",$E$15=""),"",1-G32/$E$15) | J32: =IF(I32="","",(I32-$B$18)/($B$19-$B$18)) | K32: =IF(OR(J32="",$B$20=""),"",J32/($B$20+J32*(1-$B$20))) | L32: =IF(OR(H32="",K32=""),"",K32-H32)
F33: =Formulation!$B$20 | G33: =IF(E33="","",E33/F33) | H33: =IF(OR(G33="",$E$15=""),"",1-G33/$E$15) | J33: =IF(I33="","",(I33-$B$18)/($B$19-$B$18)) | K33: =IF(OR(J33="",$B$20=""),"",J33/($B$20+J33*(1-$B$20))) | L33: =IF(OR(H33="",K33=""),"",K33-H33)
F34: =Formulation!$B$20 | G34: =IF(E34="","",E34/F34) | H34: =IF(OR(G34="",$E$15=""),"",1-G34/$E$15) | J34: =IF(I34="","",(I34-$B$18)/($B$19-$B$18)) | K34: =IF(OR(J34="",$B$20=""),"",J34/($B$20+J34*(1-$B$20))) | L34: =IF(OR(H34="",K34=""),"",K34-H34)
F35: =Formulation!$B$20 | G35: =IF(E35="","",E35/F35) | H35: =IF(OR(G35="",$E$15=""),"",1-G35/$E$15) | J35: =IF(I35="","",(I35-$B$18)/($B$19-$B$18)) | K35: =IF(OR(J35="",$B$20=""),"",J35/($B$20+J35*(1-$B$20))) | L35: =IF(OR(H35="",K35=""),"",K35-H35)
F36: =Formulation!$B$20 | G36: =IF(E36="","",E36/F36) | H36: =IF(OR(G36="",$E$15=""),"",1-G36/$E$15) | J36: =IF(I36="","",(I36-$B$18)/($B$19-$B$18)) | K36: =IF(OR(J36="",$B$20=""),"",J36/($B$20+J36*(1-$B$20))) | L36: =IF(OR(H36="",K36=""),"",K36-H36)
F37: =Formulation!$B$20 | G37: =IF(E37="","",E37/F37) | H37: =IF(OR(G37="",$E$15=""),"",1-G37/$E$15) | J37: =IF(I37="","",(I37-$B$18)/($B$19-$B$18)) | K37: =IF(OR(J37="",$B$20=""),"",J37/($B$20+J37*(1-$B$20))) | L37: =IF(OR(H37="",K37=""),"",K37-H37)
F38: =Formulation!$B$20 | G38: =IF(E38="","",E38/F38) | H38: =IF(OR(G38="",$E$15=""),"",1-G38/$E$15) | J38: =IF(I38="","",(I38-$B$18)/($B$19-$B$18)) | K38: =IF(OR(J38="",$B$20=""),"",J38/($B$20+J38*(1-$B$20))) | L38: =IF(OR(H38="",K38=""),"",K38-H38)
F39: =Formulation!$B$20 | G39: =IF(E39="","",E39/F39) | H39: =IF(OR(G39="",$E$15=""),"",1-G39/$E$15) | J39: =IF(I39="","",(I39-$B$18)/($B$19-$B$18)) | K39: =IF(OR(J39="",$B$20=""),"",J39/($B$20+J39*(1-$B$20))) | L39: =IF(OR(H39="",K39=""),"",K39-H39)
... F42: =Formulation!$B$20 | G42: =IF(E42="","",E42/F42) | H42: =IF(OR(G42="",$E$15=""),"",1-G42/$E$15) | J42: =IF(I42="","",(I42-$B$18)/($B$19-$B$18)) | K42: =IF(OR(J42="",$B$20=""),"",J42/($B$20+J42*(1-$B$20))) | L42: =IF(OR(H42="",K42=""),"",K42-H42)

Sheet DSC_Isothermal
A1: DSC only — isothermal cure + residual scan (no reference scan, no FTIR) | J1: HOW TO USE — DSC_Isothermal (DSC only, one specimen)
A2: Paste the isothermal heat-flow export; Q(t) is integrated (trapezoid) and α(t) = Q(t)/ΔH_total, with ΔH_total = Q_iso + Q_residual by default. ▸ How to use this sheet: column J | J2: ↩ Back to the Guide
J3: Run
A4: Sample ID | B4: ISO-80 | J4: 1 Mix, load quickly, jump to the cure temperature and hold until the heat flow is flat.
A5: Isothermal temperature (°C) | B5: 80 | H5: Information only | J5: 2 Cool, then heat the same specimen through its residual exotherm (dynamic scan).
A6: Sample mass (mg) | B6: 9.5 | H6: If the export is in mW, divide by mass in mg → W/g (mW/mg = W/g) | J6: Enter
A7: Exotherm direction in export ▼ | B7: Exo up | H7: Sign convention of your instrument | J7: 3 Paste time (min) and heat flow (W/g) from A27 down — no gaps, up to 1000 points. Clear unused example rows.
A8: Baseline heat flow (W/g, same sign as export) | B8: 0.0005 | H8: Best: rerun the cured specimen at the same T, or an empty-pan run. Blank → last data point is taken as baseline | J8: Exported in mW? Divide by the sample mass in mg (mW/mg = W/g).
A9: Residual heat, dynamic scan after isothermal (J/g sample) | B9: 9.76 | H9: Cool after the isothermal, then scan through the residual exotherm | J9: 4 B7: exotherm direction of your instrument. B8: baseline heat flow, ideally from re-running the
A10: ΔH_total basis ▼ | B10: Isothermal + residual | H10: Isothermal + residual = one specimen, DSC only. Alternatives use DSC!E8 or the formulation | J10: cured specimen at the same temperature. Blank B8 = last point, valid only if cure had finished.
J11: 5 B9: residual heat from step 2 (J/g sample). B10: leave on Isothermal + residual.
A12: Calculated | J12: Read
A13: Data points | B13: =COUNT(A27:A1026) | H13: Data must start at row 27 with no gaps | J13: 6 B19 = conversion at the end of the hold; columns E–F = α(t) and dα/dt for every point.
A14: Baseline used (W/g) | B14: =IF(B8="",IF(B13=0,0,INDEX(B27:B1026,B13)),B8) | J14: 7 B21 compares the total heat with theory; B23 warns if the run ended before the reaction did.
A15: Sign factor | B15: =IF(B7="Exo down",-1,1) | J15: To plot α(t): select the filled rows of columns A and E, then Insert → Scatter.
A16: Isothermal heat, Q_iso (J/g sample) | B16: =IF(B13=0,"",INDEX(D27:D1026,B13)) | H16: Integrated net exotherm over the whole run | J16: Specimens
A17: Q_iso + Q_residual (J/g sample) | B17: =IF(B16="","",B16+B9) | J17: 5–10 mg of fresh mix in a hermetic pan, dropped into a cell already at the cure temperature.
A18: ΔH_total used (J/g sample) | B18: =IF(B10="Theoretical (formulation)",Formulation!B31,IF(B10="Measured reference",IF(DSC!E8="","",DSC!E8*Formulation!B20),B17)) | J18: ▸ Full preparation protocol for this sheet (Sample_Prep)
A19: α at end of isothermal = Q_iso / ΔH_total | B19: =IF(OR(B16="",B18=""),"",B16/B18)
A20: α from residual = 1 − Q_res / ΔH_total | B20: =IF(OR(B9="",B18=""),"",1-B9/B18) | H20: Identical to the row above when basis = Isothermal + residual | J20: Figure — 1 paste the isothermal export, 2 add the residual scan, 3 read α(t).
A21: (Q_iso + Q_res) / theoretical ΔH | B21: =IF(B17="","",B17/Formulation!B31) | H21: Heat balance; well below 100 % → heat lost before data collection began, or ΔH_urethane set too high
A22: End-of-run net heat flow, % of peak | B22: =IF(B13=0,"",INDEX(C27:C1026,B13)/MAX(C27:C1026))
A23: Run check | B23: =IF(B22="","",IF(B22>0.02,"Reaction still running at end of run — enter a measured baseline and the residual heat","OK"))
A24: The first ~0.5–1 min after loading is usually lost to thermal equilibration; that heat is missed by Q_iso but still counted in the heat-balance row.
A26: Time (min) | B26: Heat flow, as exported (W/g) | C26: Net exotherm (W/g) | D26: Cumulative heat Q(t) (J/g sample) | E26: α(t) | F26: dα/dt (min⁻¹)
A27: 0 | B27: 0.027167 | C27: =IF(B27="","",$B$15*(B27-$B$14)) | D27: =IF(A27="","",0) | E27: =IF(OR(D27="",$B$18=""),"",D27/$B$18) | F27: =IF(OR(C27="",$B$18=""),"",C27*60/$B$18)
A28: 3 | B28: 0.024233 | C28: =IF(B28="","",$B$15*(B28-$B$14)) | D28: =IF(OR(A28="",C28="",D27="",C27=""),"",D27+(C27+C28)/2*(A28-A27)*60) | E28: =IF(OR(D28="",$B$18=""),"",D28/$B$18) | F28: =IF(OR(C28="",$B$18=""),"",C28*60/$B$18)
A29: 6 | B29: 0.021759 | C29: =IF(B29="","",$B$15*(B29-$B$14)) | D29: =IF(OR(A29="",C29="",D28="",C28=""),"",D28+(C28+C29)/2*(A29-A28)*60) | E29: =IF(OR(D29="",$B$18=""),"",D29/$B$18) | F29: =IF(OR(C29="",$B$18=""),"",C29*60/$B$18)
A30: 9 | B30: 0.019652 | C30: =IF(B30="","",$B$15*(B30-$B$14)) | D30: =IF(OR(A30="",C30="",D29="",C29=""),"",D29+(C29+C30)/2*(A30-A29)*60) | E30: =IF(OR(D30="",$B$18=""),"",D30/$B$18) | F30: =IF(OR(C30="",$B$18=""),"",C30*60/$B$18)
A31: 12 | B31: 0.017843 | C31: =IF(B31="","",$B$15*(B31-$B$14)) | D31: =IF(OR(A31="",C31="",D30="",C30=""),"",D30+(C30+C31)/2*(A31-A30)*60) | E31: =IF(OR(D31="",$B$18=""),"",D31/$B$18) | F31: =IF(OR(C31="",$B$18=""),"",C31*60/$B$18)
A32: 15 | B32: 0.016279 | C32: =IF(B32="","",$B$15*(B32-$B$14)) | D32: =IF(OR(A32="",C32="",D31="",C31=""),"",D31+(C31+C32)/2*(A32-A31)*60) | E32: =IF(OR(D32="",$B$18=""),"",D32/$B$18) | F32: =IF(OR(C32="",$B$18=""),"",C32*60/$B$18)
A33: 18 | B33: 0.014918 | C33: =IF(B33="","",$B$15*(B33-$B$14)) | D33: =IF(OR(A33="",C33="",D32="",C32=""),"",D32+(C32+C33)/2*(A33-A32)*60) | E33: =IF(OR(D33="",$B$18=""),"",D33/$B$18) | F33: =IF(OR(C33="",$B$18=""),"",C33*60/$B$18)
A34: 21 | B34: 0.013725 | C34: =IF(B34="","",$B$15*(B34-$B$14)) | D34: =IF(OR(A34="",C34="",D33="",C33=""),"",D33+(C33+C34)/2*(A34-A33)*60) | E34: =IF(OR(D34="",$B$18=""),"",D34/$B$18) | F34: =IF(OR(C34="",$B$18=""),"",C34*60/$B$18)
A35: 24 | B35: 0.012674 | C35: =IF(B35="","",$B$15*(B35-$B$14)) | D35: =IF(OR(A35="",C35="",D34="",C34=""),"",D34+(C34+C35)/2*(A35-A34)*60) | E35: =IF(OR(D35="",$B$18=""),"",D35/$B$18) | F35: =IF(OR(C35="",$B$18=""),"",C35*60/$B$18)
A36: 27 | B36: 0.011744 | C36: =IF(B36="","",$B$15*(B36-$B$14)) | D36: =IF(OR(A36="",C36="",D35="",C35=""),"",D35+(C35+C36)/2*(A36-A35)*60) | E36: =IF(OR(D36="",$B$18=""),"",D36/$B$18) | F36: =IF(OR(C36="",$B$18=""),"",C36*60/$B$18)
A37: 30 | B37: 0.010917 | C37: =IF(B37="","",$B$15*(B37-$B$14)) | D37: =IF(OR(A37="",C37="",D36="",C36=""),"",D36+(C36+C37)/2*(A37-A36)*60) | E37: =IF(OR(D37="",$B$18=""),"",D37/$B$18) | F37: =IF(OR(C37="",$B$18=""),"",C37*60/$B$18)
A38: 33 | B38: 0.010177 | C38: =IF(B38="","",$B$15*(B38-$B$14)) | D38: =IF(OR(A38="",C38="",D37="",C37=""),"",D37+(C37+C38)/2*(A38-A37)*60) | E38: =IF(OR(D38="",$B$18=""),"",D38/$B$18) | F38: =IF(OR(C38="",$B$18=""),"",C38*60/$B$18)
A39: 36 | B39: 0.009514 | C39: =IF(B39="","",$B$15*(B39-$B$14)) | D39: =IF(OR(A39="",C39="",D38="",C38=""),"",D38+(C38+C39)/2*(A39-A38)*60) | E39: =IF(OR(D39="",$B$18=""),"",D39/$B$18) | F39: =IF(OR(C39="",$B$18=""),"",C39*60/$B$18)
... A147: 360 | B147: 0.000897 | C147: =IF(B147="","",$B$15*(B147-$B$14)) | D147: =IF(OR(A147="",C147="",D146="",C146=""),"",D146+(C146+C147)/2*(A147-A146)*60) | E147: =IF(OR(D147="",$B$18=""),"",D147/$B$18) | F147: =IF(OR(C147="",$B$18=""),"",C147*60/$B$18)
C148: =IF(B148="","",$B$15*(B148-$B$14)) | D148: =IF(OR(A148="",C148="",D147="",C147=""),"",D147+(C147+C148)/2*(A148-A147)*60) | E148: =IF(OR(D148="",$B$18=""),"",D148/$B$18) | F148: =IF(OR(C148="",$B$18=""),"",C148*60/$B$18)
C149: =IF(B149="","",$B$15*(B149-$B$14)) | D149: =IF(OR(A149="",C149="",D148="",C148=""),"",D148+(C148+C149)/2*(A149-A148)*60) | E149: =IF(OR(D149="",$B$18=""),"",D149/$B$18) | F149: =IF(OR(C149="",$B$18=""),"",C149*60/$B$18)
C150: =IF(B150="","",$B$15*(B150-$B$14)) | D150: =IF(OR(A150="",C150="",D149="",C149=""),"",D149+(C149+C150)/2*(A150-A149)*60) | E150: =IF(OR(D150="",$B$18=""),"",D150/$B$18) | F150: =IF(OR(C150="",$B$18=""),"",C150*60/$B$18)
C151: =IF(B151="","",$B$15*(B151-$B$14)) | D151: =IF(OR(A151="",C151="",D150="",C150=""),"",D150+(C150+C151)/2*(A151-A150)*60) | E151: =IF(OR(D151="",$B$18=""),"",D151/$B$18) | F151: =IF(OR(C151="",$B$18=""),"",C151*60/$B$18)
C152: =IF(B152="","",$B$15*(B152-$B$14)) | D152: =IF(OR(A152="",C152="",D151="",C151=""),"",D151+(C151+C152)/2*(A152-A151)*60) | E152: =IF(OR(D152="",$B$18=""),"",D152/$B$18) | F152: =IF(OR(C152="",$B$18=""),"",C152*60/$B$18)
C153: =IF(B153="","",$B$15*(B153-$B$14)) | D153: =IF(OR(A153="",C153="",D152="",C152=""),"",D152+(C152+C153)/2*(A153-A152)*60) | E153: =IF(OR(D153="",$B$18=""),"",D153/$B$18) | F153: =IF(OR(C153="",$B$18=""),"",C153*60/$B$18)
C154: =IF(B154="","",$B$15*(B154-$B$14)) | D154: =IF(OR(A154="",C154="",D153="",C153=""),"",D153+(C153+C154)/2*(A154-A153)*60) | E154: =IF(OR(D154="",$B$18=""),"",D154/$B$18) | F154: =IF(OR(C154="",$B$18=""),"",C154*60/$B$18)
C155: =IF(B155="","",$B$15*(B155-$B$14)) | D155: =IF(OR(A155="",C155="",D154="",C154=""),"",D154+(C154+C155)/2*(A155-A154)*60) | E155: =IF(OR(D155="",$B$18=""),"",D155/$B$18) | F155: =IF(OR(C155="",$B$18=""),"",C155*60/$B$18)
C156: =IF(B156="","",$B$15*(B156-$B$14)) | D156: =IF(OR(A156="",C156="",D155="",C155=""),"",D155+(C155+C156)/2*(A156-A155)*60) | E156: =IF(OR(D156="",$B$18=""),"",D156/$B$18) | F156: =IF(OR(C156="",$B$18=""),"",C156*60/$B$18)
C157: =IF(B157="","",$B$15*(B157-$B$14)) | D157: =IF(OR(A157="",C157="",D156="",C156=""),"",D156+(C156+C157)/2*(A157-A156)*60) | E157: =IF(OR(D157="",$B$18=""),"",D157/$B$18) | F157: =IF(OR(C157="",$B$18=""),"",C157*60/$B$18)
C158: =IF(B158="","",$B$15*(B158-$B$14)) | D158: =IF(OR(A158="",C158="",D157="",C157=""),"",D157+(C157+C158)/2*(A158-A157)*60) | E158: =IF(OR(D158="",$B$18=""),"",D158/$B$18) | F158: =IF(OR(C158="",$B$18=""),"",C158*60/$B$18)
C159: =IF(B159="","",$B$15*(B159-$B$14)) | D159: =IF(OR(A159="",C159="",D158="",C158=""),"",D158+(C158+C159)/2*(A159-A158)*60) | E159: =IF(OR(D159="",$B$18=""),"",D159/$B$18) | F159: =IF(OR(C159="",$B$18=""),"",C159*60/$B$18)
... C1026: =IF(B1026="","",$B$15*(B1026-$B$14)) | D1026: =IF(OR(A1026="",C1026="",D1025="",C1025=""),"",D1025+(C1025+C1026)/2*(A1026-A1025)*60) | E1026: =IF(OR(D1026="",$B$18=""),"",D1026/$B$18) | F1026: =IF(OR(C1026="",$B$18=""),"",C1026*60/$B$18)

Sheet FTIR
A1: FTIR — NCO band (~2270 cm⁻¹) normalised to an internal reference | O1: HOW TO USE — FTIR
A2: α = 1 − R/R0, R = A_NCO/A_ref. Row 11 must be the t = 0 spectrum. ▸ How to use this sheet: column O | O2: ↩ Back to the Guide
O3: Measure
A4: NCO band / integration limits | B4: 2270 cm⁻¹ (integrate 2230–2300) | O4: 1 Record the freshly mixed material first. It goes in row 11 and defines R0.
A5: Reference band | B5: 2870–2970 cm⁻¹ C–H stretch | O5: 2 Keep sampling identical at every time point: crystal, pressure, number of scans, resolution.
A6: Sampling mode | B6: ATR, diamond | O6: Integrate
A7: Reference-band drift tolerance | B7: 0.1 | C7: Flags a sample whose A_ref differs from t = 0 by more than this (contact/thickness change) | O7: 3 A_NCO (column D): NCO band, ~2230–2300 cm⁻¹, with a local linear baseline.
O8: 4 A_ref (column E): a band that does not change on cure — C–H 2850–2990 cm⁻¹, or ~1595 cm⁻¹
O9: aromatic C=C for MDI/TDI. Never C=O (~1700) or N–H (~3300): both grow as urethane forms.
A10: Sample ID | B10: Cure temp (°C) | C10: Cure time (h) | D10: A_NCO (area) | E10: A_ref (area) | F10: R = A_NCO/A_ref | G10: R / R0 | H10: α — NCO conversion | I10: OH conversion (= r·α) | J10: Residual NCO (wt %) | K10: A_ref drift vs t = 0 | L10: Flag | M10: Notes | O10: Read
A11: S0 | B11: 60 | C11: 0 | D11: 12.5 | E11: 8.2 | F11: =IF(OR(D11="",E11=""),"",D11/E11) | G11: =IF(F11="","",F11/$F$11) | H11: =IF(G11="","",1-G11) | I11: =IF(H11="","",H11*Formulation!$B$17) | J11: =IF(H11="","",100*Formulation!$B$21*(1-H11)) | K11: =IF(E11="","",E11/$E$11-1) | L11: =IF(K11="","",IF(ABS(K11)>$B$7,"Check ref band / contact","OK")) | O11: 5 Column H = NCO conversion; I = OH conversion (r·α); J = residual NCO in wt %.
A12: S1 | B12: 60 | C12: 2 | D12: 6.83 | E12: 8.15 | F12: =IF(OR(D12="",E12=""),"",D12/E12) | G12: =IF(F12="","",F12/$F$11) | H12: =IF(G12="","",1-G12) | I12: =IF(H12="","",H12*Formulation!$B$17) | J12: =IF(H12="","",100*Formulation!$B$21*(1-H12)) | K12: =IF(E12="","",E12/$E$11-1) | L12: =IF(K12="","",IF(ABS(K12)>$B$7,"Check ref band / contact","OK")) | O12: 6 Column L flags a reference band that moved more than B7 (10 %) — re-seat the sample and re-measure.
A13: S2 | B13: 60 | C13: 8 | D13: 3.14 | E13: 8.25 | F13: =IF(OR(D13="",E13=""),"",D13/E13) | G13: =IF(F13="","",F13/$F$11) | H13: =IF(G13="","",1-G13) | I13: =IF(H13="","",H13*Formulation!$B$17) | J13: =IF(H13="","",100*Formulation!$B$21*(1-H13)) | K13: =IF(E13="","",E13/$E$11-1) | L13: =IF(K13="","",IF(ABS(K13)>$B$7,"Check ref band / contact","OK")) | O13: 7 OH conversion above 100 % (red): NCO consumed by side reactions such as moisture → urea.
A14: S3 | B14: 60 | C14: 24 | D14: 1.25 | E14: 8.18 | F14: =IF(OR(D14="",E14=""),"",D14/E14) | G14: =IF(F14="","",F14/$F$11) | H14: =IF(G14="","",1-G14) | I14: =IF(H14="","",H14*Formulation!$B$17) | J14: =IF(H14="","",100*Formulation!$B$21*(1-H14)) | K14: =IF(E14="","",E14/$E$11-1) | L14: =IF(K14="","",IF(ABS(K14)>$B$7,"Check ref band / contact","OK")) | O14: Specimens
A15: S4 | B15: 60 | C15: 72 | D15: 0.38 | E15: 8.22 | F15: =IF(OR(D15="",E15=""),"",D15/E15) | G15: =IF(F15="","",F15/$F$11) | H15: =IF(G15="","",1-G15) | I15: =IF(H15="","",H15*Formulation!$B$17) | J15: =IF(H15="","",100*Formulation!$B$21*(1-H15)) | K15: =IF(E15="","",E15/$E$11-1) | L15: =IF(K15="","",IF(ABS(K15)>$B$7,"Check ref band / contact","OK")) | O15: Thin films cast from the same batch on PTFE; measure the liner side with the same pressure and settings.
F16: =IF(OR(D16="",E16=""),"",D16/E16) | G16: =IF(F16="","",F16/$F$11) | H16: =IF(G16="","",1-G16) | I16: =IF(H16="","",H16*Formulation!$B$17) | J16: =IF(H16="","",100*Formulation!$B$21*(1-H16)) | K16: =IF(E16="","",E16/$E$11-1) | L16: =IF(K16="","",IF(ABS(K16)>$B$7,"Check ref band / contact","OK")) | O16: ▸ Full preparation protocol for this sheet (Sample_Prep)
F17: =IF(OR(D17="",E17=""),"",D17/E17) | G17: =IF(F17="","",F17/$F$11) | H17: =IF(G17="","",1-G17) | I17: =IF(H17="","",H17*Formulation!$B$17) | J17: =IF(H17="","",100*Formulation!$B$21*(1-H17)) | K17: =IF(E17="","",E17/$E$11-1) | L17: =IF(K17="","",IF(ABS(K17)>$B$7,"Check ref band / contact","OK"))
F18: =IF(OR(D18="",E18=""),"",D18/E18) | G18: =IF(F18="","",F18/$F$11) | H18: =IF(G18="","",1-G18) | I18: =IF(H18="","",H18*Formulation!$B$17) | J18: =IF(H18="","",100*Formulation!$B$21*(1-H18)) | K18: =IF(E18="","",E18/$E$11-1) | L18: =IF(K18="","",IF(ABS(K18)>$B$7,"Check ref band / contact","OK")) | O18: Figure — integration windows. The NCO band shrinks with cure; the reference band must not change.
F19: =IF(OR(D19="",E19=""),"",D19/E19) | G19: =IF(F19="","",F19/$F$11) | H19: =IF(G19="","",1-G19) | I19: =IF(H19="","",H19*Formulation!$B$17) | J19: =IF(H19="","",100*Formulation!$B$21*(1-H19)) | K19: =IF(E19="","",E19/$E$11-1) | L19: =IF(K19="","",IF(ABS(K19)>$B$7,"Check ref band / contact","OK"))
F20: =IF(OR(D20="",E20=""),"",D20/E20) | G20: =IF(F20="","",F20/$F$11) | H20: =IF(G20="","",1-G20) | I20: =IF(H20="","",H20*Formulation!$B$17) | J20: =IF(H20="","",100*Formulation!$B$21*(1-H20)) | K20: =IF(E20="","",E20/$E$11-1) | L20: =IF(K20="","",IF(ABS(K20)>$B$7,"Check ref band / contact","OK"))
F21: =IF(OR(D21="",E21=""),"",D21/E21) | G21: =IF(F21="","",F21/$F$11) | H21: =IF(G21="","",1-G21) | I21: =IF(H21="","",H21*Formulation!$B$17) | J21: =IF(H21="","",100*Formulation!$B$21*(1-H21)) | K21: =IF(E21="","",E21/$E$11-1) | L21: =IF(K21="","",IF(ABS(K21)>$B$7,"Check ref band / contact","OK"))
F22: =IF(OR(D22="",E22=""),"",D22/E22) | G22: =IF(F22="","",F22/$F$11) | H22: =IF(G22="","",1-G22) | I22: =IF(H22="","",H22*Formulation!$B$17) | J22: =IF(H22="","",100*Formulation!$B$21*(1-H22)) | K22: =IF(E22="","",E22/$E$11-1) | L22: =IF(K22="","",IF(ABS(K22)>$B$7,"Check ref band / contact","OK"))
F23: =IF(OR(D23="",E23=""),"",D23/E23) | G23: =IF(F23="","",F23/$F$11) | H23: =IF(G23="","",1-G23) | I23: =IF(H23="","",H23*Formulation!$B$17) | J23: =IF(H23="","",100*Formulation!$B$21*(1-H23)) | K23: =IF(E23="","",E23/$E$11-1) | L23: =IF(K23="","",IF(ABS(K23)>$B$7,"Check ref band / contact","OK"))
F24: =IF(OR(D24="",E24=""),"",D24/E24) | G24: =IF(F24="","",F24/$F$11) | H24: =IF(G24="","",1-G24) | I24: =IF(H24="","",H24*Formulation!$B$17) | J24: =IF(H24="","",100*Formulation!$B$21*(1-H24)) | K24: =IF(E24="","",E24/$E$11-1) | L24: =IF(K24="","",IF(ABS(K24)>$B$7,"Check ref band / contact","OK"))
F25: =IF(OR(D25="",E25=""),"",D25/E25) | G25: =IF(F25="","",F25/$F$11) | H25: =IF(G25="","",1-G25) | I25: =IF(H25="","",H25*Formulation!$B$17) | J25: =IF(H25="","",100*Formulation!$B$21*(1-H25)) | K25: =IF(E25="","",E25/$E$11-1) | L25: =IF(K25="","",IF(ABS(K25)>$B$7,"Check ref band / contact","OK"))
F26: =IF(OR(D26="",E26=""),"",D26/E26) | G26: =IF(F26="","",F26/$F$11) | H26: =IF(G26="","",1-G26) | I26: =IF(H26="","",H26*Formulation!$B$17) | J26: =IF(H26="","",100*Formulation!$B$21*(1-H26)) | K26: =IF(E26="","",E26/$E$11-1) | L26: =IF(K26="","",IF(ABS(K26)>$B$7,"Check ref band / contact","OK"))
F27: =IF(OR(D27="",E27=""),"",D27/E27) | G27: =IF(F27="","",F27/$F$11) | H27: =IF(G27="","",1-G27) | I27: =IF(H27="","",H27*Formulation!$B$17) | J27: =IF(H27="","",100*Formulation!$B$21*(1-H27)) | K27: =IF(E27="","",E27/$E$11-1) | L27: =IF(K27="","",IF(ABS(K27)>$B$7,"Check ref band / contact","OK"))
F28: =IF(OR(D28="",E28=""),"",D28/E28) | G28: =IF(F28="","",F28/$F$11) | H28: =IF(G28="","",1-G28) | I28: =IF(H28="","",H28*Formulation!$B$17) | J28: =IF(H28="","",100*Formulation!$B$21*(1-H28)) | K28: =IF(E28="","",E28/$E$11-1) | L28: =IF(K28="","",IF(ABS(K28)>$B$7,"Check ref band / contact","OK"))
F29: =IF(OR(D29="",E29=""),"",D29/E29) | G29: =IF(F29="","",F29/$F$11) | H29: =IF(G29="","",1-G29) | I29: =IF(H29="","",H29*Formulation!$B$17) | J29: =IF(H29="","",100*Formulation!$B$21*(1-H29)) | K29: =IF(E29="","",E29/$E$11-1) | L29: =IF(K29="","",IF(ABS(K29)>$B$7,"Check ref band / contact","OK"))
F30: =IF(OR(D30="",E30=""),"",D30/E30) | G30: =IF(F30="","",F30/$F$11) | H30: =IF(G30="","",1-G30) | I30: =IF(H30="","",H30*Formulation!$B$17) | J30: =IF(H30="","",100*Formulation!$B$21*(1-H30)) | K30: =IF(E30="","",E30/$E$11-1) | L30: =IF(K30="","",IF(ABS(K30)>$B$7,"Check ref band / contact","OK"))
... F35: =IF(OR(D35="",E35=""),"",D35/E35) | G35: =IF(F35="","",F35/$F$11) | H35: =IF(G35="","",1-G35) | I35: =IF(H35="","",H35*Formulation!$B$17) | J35: =IF(H35="","",100*Formulation!$B$21*(1-H35)) | K35: =IF(E35="","",E35/$E$11-1) | L35: =IF(K35="","",IF(ABS(K35)>$B$7,"Check ref band / contact","OK"))
A37: OH conversion > 100 % (red) means NCO consumed beyond the OH available — side reactions (urea, allophanate, isocyanurate) or a baseline/normalisation problem.

Sheet DMA
A1: DMA — rubbery-plateau modulus and tan δ Tg | P1: HOW TO USE — DMA
A2: ν_e = E′/(3φRT) → α by Miller–Macosko lookup; independent α from tan δ Tg via DiBenedetto. ▸ How to use this sheet: column P | P2: ↩ Back to the Guide
P3: Set up
A4: Front-factor model | B4: Affine | C4: Affine φ = 1; Phantom φ = 1 − 2/f | P4: 1 B4: front factor — Affine (φ = 1) is the usual choice; Phantom uses φ = 1 − 2/f.
A5: φ | B5: =IF(B4="Phantom",1-2/Formulation!B23,1) | P5: 2 B10 must read OK (one difunctional component, crosslinker f = 3 or 4) for column K to be valid.
A6: R (J/mol·K) | B6: 8.3144626 | C6: CODATA 2018 gas constant | P6: Measure each cured, post-gel specimen
A7: Density (g/cm³) | B7: =Formulation!B11 | P7: 3 Temperature ramp from below Tg (e.g. 1 Hz, strain inside the linear region, 2–3 K/min).
A8: Theoretical ν_e at max conversion (mol/m³) | B8: =Formulation!B30 | P8: 4 Column D: E′ on the rubbery plateau, at least 30 °C above the tan δ peak. Column E: that temperature.
A9: Gel-point NCO conversion | B9: =Formulation!B27 | P9: 5 Column F: tan δ peak temperature (Tg). Leave pre-gel samples (conversion below B9) out.
A10: Network model | B10: =Formulation!B32 | P10: Read
P11: 6 H = crosslink density ν_e, I = Mc, J = ν_e / ν_e,theo, K = α from Miller–Macosko.
A12: DiBenedetto parameters (tan δ peak Tg) | F12: λ source ▼ | H12: Fitted to DSC α | P12: 7 Tg route (column L): set Tg0 and Tg∞ (B13–B14) from DMA data, and pick the λ source in H12.
A13: Tg0 — uncured, tan δ (°C) | B13: -55 | F13: Tg0 / Tg∞ in kelvin | K13: =(B13+273.15)/(B14+273.15) | P13: Default: λ fitted to the DSC residual-heat α of the same sample IDs (needs ≥ 2). B15 shows the λ in use.
A14: Tg∞ — fully cured, tan δ (°C) | B14: -30 | F14: Fitted to DSC α (by sample ID) | I14: points used | J14: =Lambda_Fit!$AC$8 | K14: =Lambda_Fit!$AC$9 | P14: "> theoretical" in column K: physical crosslinks, entanglements or side-reaction branching inflate E′.
A15: λ used (source picked in H12) | B15: =IF($H$12="Same as DSC sheet",K15,IF($H$12="Tg0/Tg∞ estimate",K13,IF($H$12="Manual",K16,K14))) | F15: Same λ as the DSC sheet | K15: =DSC!$B$20 | P15: Specimens
A16: Tg0 by DMA is rarely measurable (liquid): extrapolate, or use DSC Tg0 plus your DSC→tan δ offset | F16: Manual λ | K16: 0.45 | P16: Bars moulded from the same degassed batch and cured alongside; strain sweep first, then the ramp.
A17: Sample ID | B17: Cure temp (°C) | C17: Cure time (h) | D17: E′ rubbery plateau (MPa) | E17: T at E′ (°C) | F17: tan δ peak Tg (°C) | G17: T (K) | H17: ν_e (mol/m³) | I17: Mc (g/mol) | J17: ν_e / ν_e,theo | K17: α — Miller–Macosko | L17: α — DiBenedetto | M17: Plateau check | N17: Notes | P17: ▸ Full preparation protocol for this sheet (Sample_Prep)
A18: S2 | B18: 60 | C18: 8 | D18: 0.04 | E18: 25 | F18: -40.6 | G18: =IF(E18="","",E18+273.15) | H18: =IF(OR(D18="",G18=""),"",D18*1000000/(3*$B$5*$B$6*G18)) | I18: =IF(H18="","",$B$7*1000000/H18) | J18: =IF(OR(H18="",$B$8<=0),"",H18/$B$8) | K18: =IF(OR(H18="",$B$8<=0),"",IF(H18>$B$8,"> theoretical",INDEX(MM_Table!$A$9:$A$1009,MATCH(H18,MM_Table!$D$9:$D$1009,1)))) | L18: =IF(OR(F18="",$B$15=""),"",((F18-$B$13)/($B$14-$B$13))/($B$15+((F18-$B$13)/($B$14-$B$13))*(1-$B$15))) | M18: =IF(OR(E18="",F18=""),"",IF(E18-F18>=30,"OK","T < Tg + 30 °C"))
A19: S3 | B19: 60 | C19: 24 | D19: 1.53 | E19: 25 | F19: -35 | G19: =IF(E19="","",E19+273.15) | H19: =IF(OR(D19="",G19=""),"",D19*1000000/(3*$B$5*$B$6*G19)) | I19: =IF(H19="","",$B$7*1000000/H19) | J19: =IF(OR(H19="",$B$8<=0),"",H19/$B$8) | K19: =IF(OR(H19="",$B$8<=0),"",IF(H19>$B$8,"> theoretical",INDEX(MM_Table!$A$9:$A$1009,MATCH(H19,MM_Table!$D$9:$D$1009,1)))) | L19: =IF(OR(F19="",$B$15=""),"",((F19-$B$13)/($B$14-$B$13))/($B$15+((F19-$B$13)/($B$14-$B$13))*(1-$B$15))) | M19: =IF(OR(E19="",F19=""),"",IF(E19-F19>=30,"OK","T < Tg + 30 °C")) | P19: Figure — read E′ on the plateau (dots); Tg is the tan δ peak.
A20: S4 | B20: 60 | C20: 72 | D20: 2.81 | E20: 25 | F20: -31.6 | G20: =IF(E20="","",E20+273.15) | H20: =IF(OR(D20="",G20=""),"",D20*1000000/(3*$B$5*$B$6*G20)) | I20: =IF(H20="","",$B$7*1000000/H20) | J20: =IF(OR(H20="",$B$8<=0),"",H20/$B$8) | K20: =IF(OR(H20="",$B$8<=0),"",IF(H20>$B$8,"> theoretical",INDEX(MM_Table!$A$9:$A$1009,MATCH(H20,MM_Table!$D$9:$D$1009,1)))) | L20: =IF(OR(F20="",$B$15=""),"",((F20-$B$13)/($B$14-$B$13))/($B$15+((F20-$B$13)/($B$14-$B$13))*(1-$B$15))) | M20: =IF(OR(E20="",F20=""),"",IF(E20-F20>=30,"OK","T < Tg + 30 °C"))
G21: =IF(E21="","",E21+273.15) | H21: =IF(OR(D21="",G21=""),"",D21*1000000/(3*$B$5*$B$6*G21)) | I21: =IF(H21="","",$B$7*1000000/H21) | J21: =IF(OR(H21="",$B$8<=0),"",H21/$B$8) | K21: =IF(OR(H21="",$B$8<=0),"",IF(H21>$B$8,"> theoretical",INDEX(MM_Table!$A$9:$A$1009,MATCH(H21,MM_Table!$D$9:$D$1009,1)))) | L21: =IF(OR(F21="",$B$15=""),"",((F21-$B$13)/($B$14-$B$13))/($B$15+((F21-$B$13)/($B$14-$B$13))*(1-$B$15))) | M21: =IF(OR(E21="",F21=""),"",IF(E21-F21>=30,"OK","T < Tg + 30 °C"))
G22: =IF(E22="","",E22+273.15) | H22: =IF(OR(D22="",G22=""),"",D22*1000000/(3*$B$5*$B$6*G22)) | I22: =IF(H22="","",$B$7*1000000/H22) | J22: =IF(OR(H22="",$B$8<=0),"",H22/$B$8) | K22: =IF(OR(H22="",$B$8<=0),"",IF(H22>$B$8,"> theoretical",INDEX(MM_Table!$A$9:$A$1009,MATCH(H22,MM_Table!$D$9:$D$1009,1)))) | L22: =IF(OR(F22="",$B$15=""),"",((F22-$B$13)/($B$14-$B$13))/($B$15+((F22-$B$13)/($B$14-$B$13))*(1-$B$15))) | M22: =IF(OR(E22="",F22=""),"",IF(E22-F22>=30,"OK","T < Tg + 30 °C"))
G23: =IF(E23="","",E23+273.15) | H23: =IF(OR(D23="",G23=""),"",D23*1000000/(3*$B$5*$B$6*G23)) | I23: =IF(H23="","",$B$7*1000000/H23) | J23: =IF(OR(H23="",$B$8<=0),"",H23/$B$8) | K23: =IF(OR(H23="",$B$8<=0),"",IF(H23>$B$8,"> theoretical",INDEX(MM_Table!$A$9:$A$1009,MATCH(H23,MM_Table!$D$9:$D$1009,1)))) | L23: =IF(OR(F23="",$B$15=""),"",((F23-$B$13)/($B$14-$B$13))/($B$15+((F23-$B$13)/($B$14-$B$13))*(1-$B$15))) | M23: =IF(OR(E23="",F23=""),"",IF(E23-F23>=30,"OK","T < Tg + 30 °C"))
G24: =IF(E24="","",E24+273.15) | H24: =IF(OR(D24="",G24=""),"",D24*1000000/(3*$B$5*$B$6*G24)) | I24: =IF(H24="","",$B$7*1000000/H24) | J24: =IF(OR(H24="",$B$8<=0),"",H24/$B$8) | K24: =IF(OR(H24="",$B$8<=0),"",IF(H24>$B$8,"> theoretical",INDEX(MM_Table!$A$9:$A$1009,MATCH(H24,MM_Table!$D$9:$D$1009,1)))) | L24: =IF(OR(F24="",$B$15=""),"",((F24-$B$13)/($B$14-$B$13))/($B$15+((F24-$B$13)/($B$14-$B$13))*(1-$B$15))) | M24: =IF(OR(E24="",F24=""),"",IF(E24-F24>=30,"OK","T < Tg + 30 °C"))
G25: =IF(E25="","",E25+273.15) | H25: =IF(OR(D25="",G25=""),"",D25*1000000/(3*$B$5*$B$6*G25)) | I25: =IF(H25="","",$B$7*1000000/H25) | J25: =IF(OR(H25="",$B$8<=0),"",H25/$B$8) | K25: =IF(OR(H25="",$B$8<=0),"",IF(H25>$B$8,"> theoretical",INDEX(MM_Table!$A$9:$A$1009,MATCH(H25,MM_Table!$D$9:$D$1009,1)))) | L25: =IF(OR(F25="",$B$15=""),"",((F25-$B$13)/($B$14-$B$13))/($B$15+((F25-$B$13)/($B$14-$B$13))*(1-$B$15))) | M25: =IF(OR(E25="",F25=""),"",IF(E25-F25>=30,"OK","T < Tg + 30 °C"))
G26: =IF(E26="","",E26+273.15) | H26: =IF(OR(D26="",G26=""),"",D26*1000000/(3*$B$5*$B$6*G26)) | I26: =IF(H26="","",$B$7*1000000/H26) | J26: =IF(OR(H26="",$B$8<=0),"",H26/$B$8) | K26: =IF(OR(H26="",$B$8<=0),"",IF(H26>$B$8,"> theoretical",INDEX(MM_Table!$A$9:$A$1009,MATCH(H26,MM_Table!$D$9:$D$1009,1)))) | L26: =IF(OR(F26="",$B$15=""),"",((F26-$B$13)/($B$14-$B$13))/($B$15+((F26-$B$13)/($B$14-$B$13))*(1-$B$15))) | M26: =IF(OR(E26="",F26=""),"",IF(E26-F26>=30,"OK","T < Tg + 30 °C"))
G27: =IF(E27="","",E27+273.15) | H27: =IF(OR(D27="",G27=""),"",D27*1000000/(3*$B$5*$B$6*G27)) | I27: =IF(H27="","",$B$7*1000000/H27) | J27: =IF(OR(H27="",$B$8<=0),"",H27/$B$8) | K27: =IF(OR(H27="",$B$8<=0),"",IF(H27>$B$8,"> theoretical",INDEX(MM_Table!$A$9:$A$1009,MATCH(H27,MM_Table!$D$9:$D$1009,1)))) | L27: =IF(OR(F27="",$B$15=""),"",((F27-$B$13)/($B$14-$B$13))/($B$15+((F27-$B$13)/($B$14-$B$13))*(1-$B$15))) | M27: =IF(OR(E27="",F27=""),"",IF(E27-F27>=30,"OK","T < Tg + 30 °C"))
G28: =IF(E28="","",E28+273.15) | H28: =IF(OR(D28="",G28=""),"",D28*1000000/(3*$B$5*$B$6*G28)) | I28: =IF(H28="","",$B$7*1000000/H28) | J28: =IF(OR(H28="",$B$8<=0),"",H28/$B$8) | K28: =IF(OR(H28="",$B$8<=0),"",IF(H28>$B$8,"> theoretical",INDEX(MM_Table!$A$9:$A$1009,MATCH(H28,MM_Table!$D$9:$D$1009,1)))) | L28: =IF(OR(F28="",$B$15=""),"",((F28-$B$13)/($B$14-$B$13))/($B$15+((F28-$B$13)/($B$14-$B$13))*(1-$B$15))) | M28: =IF(OR(E28="",F28=""),"",IF(E28-F28>=30,"OK","T < Tg + 30 °C"))
G29: =IF(E29="","",E29+273.15) | H29: =IF(OR(D29="",G29=""),"",D29*1000000/(3*$B$5*$B$6*G29)) | I29: =IF(H29="","",$B$7*1000000/H29) | J29: =IF(OR(H29="",$B$8<=0),"",H29/$B$8) | K29: =IF(OR(H29="",$B$8<=0),"",IF(H29>$B$8,"> theoretical",INDEX(MM_Table!$A$9:$A$1009,MATCH(H29,MM_Table!$D$9:$D$1009,1)))) | L29: =IF(OR(F29="",$B$15=""),"",((F29-$B$13)/($B$14-$B$13))/($B$15+((F29-$B$13)/($B$14-$B$13))*(1-$B$15))) | M29: =IF(OR(E29="",F29=""),"",IF(E29-F29>=30,"OK","T < Tg + 30 °C"))
G30: =IF(E30="","",E30+273.15) | H30: =IF(OR(D30="",G30=""),"",D30*1000000/(3*$B$5*$B$6*G30)) | I30: =IF(H30="","",$B$7*1000000/H30) | J30: =IF(OR(H30="",$B$8<=0),"",H30/$B$8) | K30: =IF(OR(H30="",$B$8<=0),"",IF(H30>$B$8,"> theoretical",INDEX(MM_Table!$A$9:$A$1009,MATCH(H30,MM_Table!$D$9:$D$1009,1)))) | L30: =IF(OR(F30="",$B$15=""),"",((F30-$B$13)/($B$14-$B$13))/($B$15+((F30-$B$13)/($B$14-$B$13))*(1-$B$15))) | M30: =IF(OR(E30="",F30=""),"",IF(E30-F30>=30,"OK","T < Tg + 30 °C"))
G31: =IF(E31="","",E31+273.15) | H31: =IF(OR(D31="",G31=""),"",D31*1000000/(3*$B$5*$B$6*G31)) | I31: =IF(H31="","",$B$7*1000000/H31) | J31: =IF(OR(H31="",$B$8<=0),"",H31/$B$8) | K31: =IF(OR(H31="",$B$8<=0),"",IF(H31>$B$8,"> theoretical",INDEX(MM_Table!$A$9:$A$1009,MATCH(H31,MM_Table!$D$9:$D$1009,1)))) | L31: =IF(OR(F31="",$B$15=""),"",((F31-$B$13)/($B$14-$B$13))/($B$15+((F31-$B$13)/($B$14-$B$13))*(1-$B$15))) | M31: =IF(OR(E31="",F31=""),"",IF(E31-F31>=30,"OK","T < Tg + 30 °C"))
G32: =IF(E32="","",E32+273.15) | H32: =IF(OR(D32="",G32=""),"",D32*1000000/(3*$B$5*$B$6*G32)) | I32: =IF(H32="","",$B$7*1000000/H32) | J32: =IF(OR(H32="",$B$8<=0),"",H32/$B$8) | K32: =IF(OR(H32="",$B$8<=0),"",IF(H32>$B$8,"> theoretical",INDEX(MM_Table!$A$9:$A$1009,MATCH(H32,MM_Table!$D$9:$D$1009,1)))) | L32: =IF(OR(F32="",$B$15=""),"",((F32-$B$13)/($B$14-$B$13))/($B$15+((F32-$B$13)/($B$14-$B$13))*(1-$B$15))) | M32: =IF(OR(E32="",F32=""),"",IF(E32-F32>=30,"OK","T < Tg + 30 °C"))
... G37: =IF(E37="","",E37+273.15) | H37: =IF(OR(D37="",G37=""),"",D37*1000000/(3*$B$5*$B$6*G37)) | I37: =IF(H37="","",$B$7*1000000/H37) | J37: =IF(OR(H37="",$B$8<=0),"",H37/$B$8) | K37: =IF(OR(H37="",$B$8<=0),"",IF(H37>$B$8,"> theoretical",INDEX(MM_Table!$A$9:$A$1009,MATCH(H37,MM_Table!$D$9:$D$1009,1)))) | L37: =IF(OR(F37="",$B$15=""),"",((F37-$B$13)/($B$14-$B$13))/($B$15+((F37-$B$13)/($B$14-$B$13))*(1-$B$15))) | M37: =IF(OR(E37="",F37=""),"",IF(E37-F37>=30,"OK","T < Tg + 30 °C"))
A39: "> theoretical": measured ν_e exceeds the ideal network — physical crosslinks (hard segments, H-bonding), trapped entanglements, side-reaction branching, or wrong φ/inputs.

Sheet TMA
A1: TMA — Tg from thermal expansion, and rubbery compression modulus | Y1: HOW TO USE — TMA
A2: Route 1: Tg where the glassy and rubbery tangents cross → α by DiBenedetto. Route 2: compression modulus above Tg → ν_e → α by Miller–Macosko. ▸ How to use this sheet: column Y | Y2: ↩ Back to the Guide
Y3: Set up
A4: Front-factor model ▼ | B4: Affine | C4: Affine φ = 1; Phantom φ = 1 − 2/f | Y4: 1 B4: front factor (Affine or Phantom), as on DMA. B10 must read OK for Route 2.
A5: φ | B5: =IF(B4="Phantom",1-2/Formulation!B23,1) | Y5: 2 Tg0 and Tg∞ (B13–B14) measured by TMA; pick the λ source in H12 (default: fitted to DSC α by sample ID).
A6: R (J/mol·K) | B6: 8.3144626 | Y6: Route 1 — Tg from expansion (rows 20–39)
A7: Density (g/cm³) | B7: =Formulation!B11 | Y7: 3 Run the expansion program and enter the specimen thickness L0 (column D).
A8: Theoretical ν_e at max conversion (mol/m³) | B8: =Formulation!B30 | Y8: 4 Type the instrument's Tg in column E, or pick two points on the glassy line (T1, T2) and two on
A9: Gel-point NCO conversion | B9: =Formulation!B27 | Y9: the rubbery line (T3, T4) with their ΔL; the sheet finds where the tangents cross (column P).
A10: Network model | B10: =Formulation!B32 | Y10: 5 Columns N–O give the glassy and rubbery CTE; column S gives α from Tg.
Y11: Route 2 — compression modulus (rows 43–62)
A12: DiBenedetto parameters (TMA expansion Tg) | F12: λ source ▼ | H12: Fitted to DSC α | Y12: 6 At ≥ Tg + 30 °C enter thickness, diameter, then force 1 (preload) and force 2 with their deformations.
A13: Tg0 — uncured, TMA (°C) | B13: -66 | F13: Tg0 / Tg∞ in kelvin | K13: =(B13+273.15)/(B14+273.15) | Y13: 7 Column N = shear modulus G (neo-Hookean, two-point), Q = ν_e, T = α from Miller–Macosko.
A14: Tg∞ — fully cured, TMA (°C) | B14: -41 | F14: Fitted to DSC α (by sample ID) | I14: points used | J14: =Lambda_Fit!$AC$11 | K14: =Lambda_Fit!$AC$12 | Y14: Column V flags T < Tg + 30 °C (using the Route 1 Tg of the same sample ID) and compression above 20 %.
A15: λ used (source picked in H12) | B15: =IF($H$12="Same as DSC sheet",K15,IF($H$12="Tg0/Tg∞ estimate",K13,IF($H$12="Manual",K16,K14))) | F15: Same λ as the DSC sheet | K15: =DSC!$B$20 | Y15: Specimens
A16: Tg0: quench fresh mix below Tg in a TMA pan; the probe sinks where it softens | F16: Manual λ | K16: 0.45 | Y16: Flat, parallel discs moulded from the same batch; small expansion force; lubricated faces for compression.
Y17: ▸ Full preparation protocol for this sheet (Sample_Prep)
A18: Route 1 — Tg from thermal expansion (expansion probe, small static force)
A19: Sample ID | B19: Cure temp (°C) | C19: Cure time (h) | D19: Thickness L0 (mm) | E19: Tg from instrument (°C, optional) | F19: T1 (°C) | G19: ΔL1 (µm) | H19: T2 (°C) | I19: ΔL2 (µm) | J19: T3 (°C) | K19: ΔL3 (µm) | L19: T4 (°C) | M19: ΔL4 (µm) | N19: CTE glassy (ppm/K) | O19: CTE rubbery (ppm/K) | P19: Tg from tangents (°C) | Q19: Tg used (°C) | R19: x = (Tg−Tg0)/(Tg∞−Tg0) | S19: α — DiBenedetto | T19: Notes | Y19: Figure — left: pick T1–T4 on the straight segments. Right: two force points on the linear part give G.
A20: S2 | B20: 60 | C20: 8 | D20: 2 | F20: -90 | G20: 1.4 | H20: -70 | I20: 4.2 | J20: -20 | K20: 20.06 | L20: 0 | M20: 28.46 | N20: =IF(OR(D20="",F20="",G20="",H20="",I20=""),"",IFERROR((I20-G20)/(H20-F20)/D20*1000,"")) | O20: =IF(OR(D20="",J20="",K20="",L20="",M20=""),"",IFERROR((M20-K20)/(L20-J20)/D20*1000,"")) | P20: =IF(COUNT(F20:M20)<8,"",IFERROR((K20-G20+(I20-G20)/(H20-F20)*F20-(M20-K20)/(L20-J20)*J20)/((I20-G20)/(H20-F20)-(M20-K20)/(L20-J20)),"")) | Q20: =IF(E20<>"",E20,P20) | R20: =IF(Q20="","",(Q20-$B$13)/($B$14-$B$13)) | S20: =IF(OR(R20="",$B$15=""),"",R20/($B$15+R20*(1-$B$15)))
A21: S3 | B21: 60 | C21: 24 | D21: 2 | F21: -90 | G21: 1.4 | H21: -70 | I21: 4.2 | J21: -20 | K21: 17.69 | L21: 0 | M21: 25.49 | N21: =IF(OR(D21="",F21="",G21="",H21="",I21=""),"",IFERROR((I21-G21)/(H21-F21)/D21*1000,"")) | O21: =IF(OR(D21="",J21="",K21="",L21="",M21=""),"",IFERROR((M21-K21)/(L21-J21)/D21*1000,"")) | P21: =IF(COUNT(F21:M21)<8,"",IFERROR((K21-G21+(I21-G21)/(H21-F21)*F21-(M21-K21)/(L21-J21)*J21)/((I21-G21)/(H21-F21)-(M21-K21)/(L21-J21)),"")) | Q21: =IF(E21<>"",E21,P21) | R21: =IF(Q21="","",(Q21-$B$13)/($B$14-$B$13)) | S21: =IF(OR(R21="",$B$15=""),"",R21/($B$15+R21*(1-$B$15)))
A22: S4 | B22: 60 | C22: 72 | D22: 2 | F22: -90 | G22: 1.4 | H22: -70 | I22: 4.2 | J22: -20 | K22: 16.4 | L22: 0 | M22: 23.8 | N22: =IF(OR(D22="",F22="",G22="",H22="",I22=""),"",IFERROR((I22-G22)/(H22-F22)/D22*1000,"")) | O22: =IF(OR(D22="",J22="",K22="",L22="",M22=""),"",IFERROR((M22-K22)/(L22-J22)/D22*1000,"")) | P22: =IF(COUNT(F22:M22)<8,"",IFERROR((K22-G22+(I22-G22)/(H22-F22)*F22-(M22-K22)/(L22-J22)*J22)/((I22-G22)/(H22-F22)-(M22-K22)/(L22-J22)),"")) | Q22: =IF(E22<>"",E22,P22) | R22: =IF(Q22="","",(Q22-$B$13)/($B$14-$B$13)) | S22: =IF(OR(R22="",$B$15=""),"",R22/($B$15+R22*(1-$B$15)))
N23: =IF(OR(D23="",F23="",G23="",H23="",I23=""),"",IFERROR((I23-G23)/(H23-F23)/D23*1000,"")) | O23: =IF(OR(D23="",J23="",K23="",L23="",M23=""),"",IFERROR((M23-K23)/(L23-J23)/D23*1000,"")) | P23: =IF(COUNT(F23:M23)<8,"",IFERROR((K23-G23+(I23-G23)/(H23-F23)*F23-(M23-K23)/(L23-J23)*J23)/((I23-G23)/(H23-F23)-(M23-K23)/(L23-J23)),"")) | Q23: =IF(E23<>"",E23,P23) | R23: =IF(Q23="","",(Q23-$B$13)/($B$14-$B$13)) | S23: =IF(OR(R23="",$B$15=""),"",R23/($B$15+R23*(1-$B$15)))
N24: =IF(OR(D24="",F24="",G24="",H24="",I24=""),"",IFERROR((I24-G24)/(H24-F24)/D24*1000,"")) | O24: =IF(OR(D24="",J24="",K24="",L24="",M24=""),"",IFERROR((M24-K24)/(L24-J24)/D24*1000,"")) | P24: =IF(COUNT(F24:M24)<8,"",IFERROR((K24-G24+(I24-G24)/(H24-F24)*F24-(M24-K24)/(L24-J24)*J24)/((I24-G24)/(H24-F24)-(M24-K24)/(L24-J24)),"")) | Q24: =IF(E24<>"",E24,P24) | R24: =IF(Q24="","",(Q24-$B$13)/($B$14-$B$13)) | S24: =IF(OR(R24="",$B$15=""),"",R24/($B$15+R24*(1-$B$15)))
N25: =IF(OR(D25="",F25="",G25="",H25="",I25=""),"",IFERROR((I25-G25)/(H25-F25)/D25*1000,"")) | O25: =IF(OR(D25="",J25="",K25="",L25="",M25=""),"",IFERROR((M25-K25)/(L25-J25)/D25*1000,"")) | P25: =IF(COUNT(F25:M25)<8,"",IFERROR((K25-G25+(I25-G25)/(H25-F25)*F25-(M25-K25)/(L25-J25)*J25)/((I25-G25)/(H25-F25)-(M25-K25)/(L25-J25)),"")) | Q25: =IF(E25<>"",E25,P25) | R25: =IF(Q25="","",(Q25-$B$13)/($B$14-$B$13)) | S25: =IF(OR(R25="",$B$15=""),"",R25/($B$15+R25*(1-$B$15)))
N26: =IF(OR(D26="",F26="",G26="",H26="",I26=""),"",IFERROR((I26-G26)/(H26-F26)/D26*1000,"")) | O26: =IF(OR(D26="",J26="",K26="",L26="",M26=""),"",IFERROR((M26-K26)/(L26-J26)/D26*1000,"")) | P26: =IF(COUNT(F26:M26)<8,"",IFERROR((K26-G26+(I26-G26)/(H26-F26)*F26-(M26-K26)/(L26-J26)*J26)/((I26-G26)/(H26-F26)-(M26-K26)/(L26-J26)),"")) | Q26: =IF(E26<>"",E26,P26) | R26: =IF(Q26="","",(Q26-$B$13)/($B$14-$B$13)) | S26: =IF(OR(R26="",$B$15=""),"",R26/($B$15+R26*(1-$B$15)))
N27: =IF(OR(D27="",F27="",G27="",H27="",I27=""),"",IFERROR((I27-G27)/(H27-F27)/D27*1000,"")) | O27: =IF(OR(D27="",J27="",K27="",L27="",M27=""),"",IFERROR((M27-K27)/(L27-J27)/D27*1000,"")) | P27: =IF(COUNT(F27:M27)<8,"",IFERROR((K27-G27+(I27-G27)/(H27-F27)*F27-(M27-K27)/(L27-J27)*J27)/((I27-G27)/(H27-F27)-(M27-K27)/(L27-J27)),"")) | Q27: =IF(E27<>"",E27,P27) | R27: =IF(Q27="","",(Q27-$B$13)/($B$14-$B$13)) | S27: =IF(OR(R27="",$B$15=""),"",R27/($B$15+R27*(1-$B$15)))
N28: =IF(OR(D28="",F28="",G28="",H28="",I28=""),"",IFERROR((I28-G28)/(H28-F28)/D28*1000,"")) | O28: =IF(OR(D28="",J28="",K28="",L28="",M28=""),"",IFERROR((M28-K28)/(L28-J28)/D28*1000,"")) | P28: =IF(COUNT(F28:M28)<8,"",IFERROR((K28-G28+(I28-G28)/(H28-F28)*F28-(M28-K28)/(L28-J28)*J28)/((I28-G28)/(H28-F28)-(M28-K28)/(L28-J28)),"")) | Q28: =IF(E28<>"",E28,P28) | R28: =IF(Q28="","",(Q28-$B$13)/($B$14-$B$13)) | S28: =IF(OR(R28="",$B$15=""),"",R28/($B$15+R28*(1-$B$15)))
N29: =IF(OR(D29="",F29="",G29="",H29="",I29=""),"",IFERROR((I29-G29)/(H29-F29)/D29*1000,"")) | O29: =IF(OR(D29="",J29="",K29="",L29="",M29=""),"",IFERROR((M29-K29)/(L29-J29)/D29*1000,"")) | P29: =IF(COUNT(F29:M29)<8,"",IFERROR((K29-G29+(I29-G29)/(H29-F29)*F29-(M29-K29)/(L29-J29)*J29)/((I29-G29)/(H29-F29)-(M29-K29)/(L29-J29)),"")) | Q29: =IF(E29<>"",E29,P29) | R29: =IF(Q29="","",(Q29-$B$13)/($B$14-$B$13)) | S29: =IF(OR(R29="",$B$15=""),"",R29/($B$15+R29*(1-$B$15)))
N30: =IF(OR(D30="",F30="",G30="",H30="",I30=""),"",IFERROR((I30-G30)/(H30-F30)/D30*1000,"")) | O30: =IF(OR(D30="",J30="",K30="",L30="",M30=""),"",IFERROR((M30-K30)/(L30-J30)/D30*1000,"")) | P30: =IF(COUNT(F30:M30)<8,"",IFERROR((K30-G30+(I30-G30)/(H30-F30)*F30-(M30-K30)/(L30-J30)*J30)/((I30-G30)/(H30-F30)-(M30-K30)/(L30-J30)),"")) | Q30: =IF(E30<>"",E30,P30) | R30: =IF(Q30="","",(Q30-$B$13)/($B$14-$B$13)) | S30: =IF(OR(R30="",$B$15=""),"",R30/($B$15+R30*(1-$B$15)))
N31: =IF(OR(D31="",F31="",G31="",H31="",I31=""),"",IFERROR((I31-G31)/(H31-F31)/D31*1000,"")) | O31: =IF(OR(D31="",J31="",K31="",L31="",M31=""),"",IFERROR((M31-K31)/(L31-J31)/D31*1000,"")) | P31: =IF(COUNT(F31:M31)<8,"",IFERROR((K31-G31+(I31-G31)/(H31-F31)*F31-(M31-K31)/(L31-J31)*J31)/((I31-G31)/(H31-F31)-(M31-K31)/(L31-J31)),"")) | Q31: =IF(E31<>"",E31,P31) | R31: =IF(Q31="","",(Q31-$B$13)/($B$14-$B$13)) | S31: =IF(OR(R31="",$B$15=""),"",R31/($B$15+R31*(1-$B$15)))
N32: =IF(OR(D32="",F32="",G32="",H32="",I32=""),"",IFERROR((I32-G32)/(H32-F32)/D32*1000,"")) | O32: =IF(OR(D32="",J32="",K32="",L32="",M32=""),"",IFERROR((M32-K32)/(L32-J32)/D32*1000,"")) | P32: =IF(COUNT(F32:M32)<8,"",IFERROR((K32-G32+(I32-G32)/(H32-F32)*F32-(M32-K32)/(L32-J32)*J32)/((I32-G32)/(H32-F32)-(M32-K32)/(L32-J32)),"")) | Q32: =IF(E32<>"",E32,P32) | R32: =IF(Q32="","",(Q32-$B$13)/($B$14-$B$13)) | S32: =IF(OR(R32="",$B$15=""),"",R32/($B$15+R32*(1-$B$15)))
N33: =IF(OR(D33="",F33="",G33="",H33="",I33=""),"",IFERROR((I33-G33)/(H33-F33)/D33*1000,"")) | O33: =IF(OR(D33="",J33="",K33="",L33="",M33=""),"",IFERROR((M33-K33)/(L33-J33)/D33*1000,"")) | P33: =IF(COUNT(F33:M33)<8,"",IFERROR((K33-G33+(I33-G33)/(H33-F33)*F33-(M33-K33)/(L33-J33)*J33)/((I33-G33)/(H33-F33)-(M33-K33)/(L33-J33)),"")) | Q33: =IF(E33<>"",E33,P33) | R33: =IF(Q33="","",(Q33-$B$13)/($B$14-$B$13)) | S33: =IF(OR(R33="",$B$15=""),"",R33/($B$15+R33*(1-$B$15)))
N34: =IF(OR(D34="",F34="",G34="",H34="",I34=""),"",IFERROR((I34-G34)/(H34-F34)/D34*1000,"")) | O34: =IF(OR(D34="",J34="",K34="",L34="",M34=""),"",IFERROR((M34-K34)/(L34-J34)/D34*1000,"")) | P34: =IF(COUNT(F34:M34)<8,"",IFERROR((K34-G34+(I34-G34)/(H34-F34)*F34-(M34-K34)/(L34-J34)*J34)/((I34-G34)/(H34-F34)-(M34-K34)/(L34-J34)),"")) | Q34: =IF(E34<>"",E34,P34) | R34: =IF(Q34="","",(Q34-$B$13)/($B$14-$B$13)) | S34: =IF(OR(R34="",$B$15=""),"",R34/($B$15+R34*(1-$B$15)))
... N39: =IF(OR(D39="",F39="",G39="",H39="",I39=""),"",IFERROR((I39-G39)/(H39-F39)/D39*1000,"")) | O39: =IF(OR(D39="",J39="",K39="",L39="",M39=""),"",IFERROR((M39-K39)/(L39-J39)/D39*1000,"")) | P39: =IF(COUNT(F39:M39)<8,"",IFERROR((K39-G39+(I39-G39)/(H39-F39)*F39-(M39-K39)/(L39-J39)*J39)/((I39-G39)/(H39-F39)-(M39-K39)/(L39-J39)),"")) | Q39: =IF(E39<>"",E39,P39) | R39: =IF(Q39="","",(Q39-$B$13)/($B$14-$B$13)) | S39: =IF(OR(R39="",$B$15=""),"",R39/($B$15+R39*(1-$B$15)))
A41: Route 2 — rubbery compression modulus (flat probe, lubricated faces, T ≥ Tg + 30 °C)
A42: Sample ID | B42: Cure temp (°C) | C42: Cure time (h) | D42: Test T (°C) | E42: Thickness L0 (mm) | F42: Diameter (mm) | G42: Force 1 (N) | H42: Deformation 1 (µm) | I42: Force 2 (N) | J42: Deformation 2 (µm) | K42: Area (mm²) | L42: λ1 = 1 − d1/L0 | M42: λ2 = 1 − d2/L0 | N42: G (MPa) | O42: E = 3G (MPa) | P42: T (K) | Q42: ν_e (mol/m³) | R42: Mc (g/mol) | S42: ν_e / ν_e,theo | T42: α — Miller–Macosko | U42: Tg on file (°C) | V42: Checks | W42: Notes
A43: S2 | B43: 60 | C43: 8 | D43: 25 | E43: 2 | F43: 5 | G43: 0.01 | H43: 26.82 | I43: 0.05 | J43: 127.13 | K43: =IF(F43="","",PI()*F43^2/4) | L43: =IF(OR(E43="",H43=""),"",1-H43/(E43*1000)) | M43: =IF(OR(E43="",J43=""),"",1-J43/(E43*1000)) | N43: =IF(OR(K43="",L43="",M43="",G43="",I43=""),"",IFERROR((I43/K43-G43/K43)/((1/M43^2-M43)-(1/L43^2-L43)),"")) | O43: =IF(N43="","",3*N43) | P43: =IF(D43="","",D43+273.15) | Q43: =IF(OR(N43="",P43=""),"",N43*1000000/($B$5*$B$6*P43)) | R43: =IF(Q43="","",IF(Q43<=0,"",$B$7*1000000/Q43)) | S43: =IF(OR(Q43="",$B$8<=0),"",Q43/$B$8) | T43: =IF(OR(Q43="",$B$8<=0),"",IF(Q43<=0,"check inputs",IF(Q43>$B$8,"> theoretical",INDEX(MM_Table!$A$9:$A$1009,MATCH(Q43,MM_Table!$D$9:$D$1009,1))))) | U43: =IF(A43="","",IFERROR(INDEX($Q$20:$Q$39,MATCH(A43,$A$20:$A$39,0)),"")) | V43: =IF(OR(D43="",N43=""),"",IF(U43="",IF(J43/(E43*1000)>0.2,"strain > 20 %","OK (no Tg on file)"),IF(D43-U43<30,"T < Tg + 30 °C",IF(J43/(E43*1000)>0.2,"strain > 20 %","OK"))))
A44: S3 | B44: 60 | C44: 24 | D44: 25 | E44: 2 | F44: 5 | G44: 0.05 | H44: 3.32 | I44: 1 | J44: 64.37 | K44: =IF(F44="","",PI()*F44^2/4) | L44: =IF(OR(E44="",H44=""),"",1-H44/(E44*1000)) | M44: =IF(OR(E44="",J44=""),"",1-J44/(E44*1000)) | N44: =IF(OR(K44="",L44="",M44="",G44="",I44=""),"",IFERROR((I44/K44-G44/K44)/((1/M44^2-M44)-(1/L44^2-L44)),"")) | O44: =IF(N44="","",3*N44) | P44: =IF(D44="","",D44+273.15) | Q44: =IF(OR(N44="",P44=""),"",N44*1000000/($B$5*$B$6*P44)) | R44: =IF(Q44="","",IF(Q44<=0,"",$B$7*1000000/Q44)) | S44: =IF(OR(Q44="",$B$8<=0),"",Q44/$B$8) | T44: =IF(OR(Q44="",$B$8<=0),"",IF(Q44<=0,"check inputs",IF(Q44>$B$8,"> theoretical",INDEX(MM_Table!$A$9:$A$1009,MATCH(Q44,MM_Table!$D$9:$D$1009,1))))) | U44: =IF(A44="","",IFERROR(INDEX($Q$20:$Q$39,MATCH(A44,$A$20:$A$39,0)),"")) | V44: =IF(OR(D44="",N44=""),"",IF(U44="",IF(J44/(E44*1000)>0.2,"strain > 20 %","OK (no Tg on file)"),IF(D44-U44<30,"T < Tg + 30 °C",IF(J44/(E44*1000)>0.2,"strain > 20 %","OK"))))
A45: S4 | B45: 60 | C45: 72 | D45: 25 | E45: 2 | F45: 5 | G45: 0.05 | H45: 1.81 | I45: 1.5 | J45: 52.92 | K45: =IF(F45="","",PI()*F45^2/4) | L45: =IF(OR(E45="",H45=""),"",1-H45/(E45*1000)) | M45: =IF(OR(E45="",J45=""),"",1-J45/(E45*1000)) | N45: =IF(OR(K45="",L45="",M45="",G45="",I45=""),"",IFERROR((I45/K45-G45/K45)/((1/M45^2-M45)-(1/L45^2-L45)),"")) | O45: =IF(N45="","",3*N45) | P45: =IF(D45="","",D45+273.15) | Q45: =IF(OR(N45="",P45=""),"",N45*1000000/($B$5*$B$6*P45)) | R45: =IF(Q45="","",IF(Q45<=0,"",$B$7*1000000/Q45)) | S45: =IF(OR(Q45="",$B$8<=0),"",Q45/$B$8) | T45: =IF(OR(Q45="",$B$8<=0),"",IF(Q45<=0,"check inputs",IF(Q45>$B$8,"> theoretical",INDEX(MM_Table!$A$9:$A$1009,MATCH(Q45,MM_Table!$D$9:$D$1009,1))))) | U45: =IF(A45="","",IFERROR(INDEX($Q$20:$Q$39,MATCH(A45,$A$20:$A$39,0)),"")) | V45: =IF(OR(D45="",N45=""),"",IF(U45="",IF(J45/(E45*1000)>0.2,"strain > 20 %","OK (no Tg on file)"),IF(D45-U45<30,"T < Tg + 30 °C",IF(J45/(E45*1000)>0.2,"strain > 20 %","OK"))))
K46: =IF(F46="","",PI()*F46^2/4) | L46: =IF(OR(E46="",H46=""),"",1-H46/(E46*1000)) | M46: =IF(OR(E46="",J46=""),"",1-J46/(E46*1000)) | N46: =IF(OR(K46="",L46="",M46="",G46="",I46=""),"",IFERROR((I46/K46-G46/K46)/((1/M46^2-M46)-(1/L46^2-L46)),"")) | O46: =IF(N46="","",3*N46) | P46: =IF(D46="","",D46+273.15) | Q46: =IF(OR(N46="",P46=""),"",N46*1000000/($B$5*$B$6*P46)) | R46: =IF(Q46="","",IF(Q46<=0,"",$B$7*1000000/Q46)) | S46: =IF(OR(Q46="",$B$8<=0),"",Q46/$B$8) | T46: =IF(OR(Q46="",$B$8<=0),"",IF(Q46<=0,"check inputs",IF(Q46>$B$8,"> theoretical",INDEX(MM_Table!$A$9:$A$1009,MATCH(Q46,MM_Table!$D$9:$D$1009,1))))) | U46: =IF(A46="","",IFERROR(INDEX($Q$20:$Q$39,MATCH(A46,$A$20:$A$39,0)),"")) | V46: =IF(OR(D46="",N46=""),"",IF(U46="",IF(J46/(E46*1000)>0.2,"strain > 20 %","OK (no Tg on file)"),IF(D46-U46<30,"T < Tg + 30 °C",IF(J46/(E46*1000)>0.2,"strain > 20 %","OK"))))
K47: =IF(F47="","",PI()*F47^2/4) | L47: =IF(OR(E47="",H47=""),"",1-H47/(E47*1000)) | M47: =IF(OR(E47="",J47=""),"",1-J47/(E47*1000)) | N47: =IF(OR(K47="",L47="",M47="",G47="",I47=""),"",IFERROR((I47/K47-G47/K47)/((1/M47^2-M47)-(1/L47^2-L47)),"")) | O47: =IF(N47="","",3*N47) | P47: =IF(D47="","",D47+273.15) | Q47: =IF(OR(N47="",P47=""),"",N47*1000000/($B$5*$B$6*P47)) | R47: =IF(Q47="","",IF(Q47<=0,"",$B$7*1000000/Q47)) | S47: =IF(OR(Q47="",$B$8<=0),"",Q47/$B$8) | T47: =IF(OR(Q47="",$B$8<=0),"",IF(Q47<=0,"check inputs",IF(Q47>$B$8,"> theoretical",INDEX(MM_Table!$A$9:$A$1009,MATCH(Q47,MM_Table!$D$9:$D$1009,1))))) | U47: =IF(A47="","",IFERROR(INDEX($Q$20:$Q$39,MATCH(A47,$A$20:$A$39,0)),"")) | V47: =IF(OR(D47="",N47=""),"",IF(U47="",IF(J47/(E47*1000)>0.2,"strain > 20 %","OK (no Tg on file)"),IF(D47-U47<30,"T < Tg + 30 °C",IF(J47/(E47*1000)>0.2,"strain > 20 %","OK"))))
K48: =IF(F48="","",PI()*F48^2/4) | L48: =IF(OR(E48="",H48=""),"",1-H48/(E48*1000)) | M48: =IF(OR(E48="",J48=""),"",1-J48/(E48*1000)) | N48: =IF(OR(K48="",L48="",M48="",G48="",I48=""),"",IFERROR((I48/K48-G48/K48)/((1/M48^2-M48)-(1/L48^2-L48)),"")) | O48: =IF(N48="","",3*N48) | P48: =IF(D48="","",D48+273.15) | Q48: =IF(OR(N48="",P48=""),"",N48*1000000/($B$5*$B$6*P48)) | R48: =IF(Q48="","",IF(Q48<=0,"",$B$7*1000000/Q48)) | S48: =IF(OR(Q48="",$B$8<=0),"",Q48/$B$8) | T48: =IF(OR(Q48="",$B$8<=0),"",IF(Q48<=0,"check inputs",IF(Q48>$B$8,"> theoretical",INDEX(MM_Table!$A$9:$A$1009,MATCH(Q48,MM_Table!$D$9:$D$1009,1))))) | U48: =IF(A48="","",IFERROR(INDEX($Q$20:$Q$39,MATCH(A48,$A$20:$A$39,0)),"")) | V48: =IF(OR(D48="",N48=""),"",IF(U48="",IF(J48/(E48*1000)>0.2,"strain > 20 %","OK (no Tg on file)"),IF(D48-U48<30,"T < Tg + 30 °C",IF(J48/(E48*1000)>0.2,"strain > 20 %","OK"))))
K49: =IF(F49="","",PI()*F49^2/4) | L49: =IF(OR(E49="",H49=""),"",1-H49/(E49*1000)) | M49: =IF(OR(E49="",J49=""),"",1-J49/(E49*1000)) | N49: =IF(OR(K49="",L49="",M49="",G49="",I49=""),"",IFERROR((I49/K49-G49/K49)/((1/M49^2-M49)-(1/L49^2-L49)),"")) | O49: =IF(N49="","",3*N49) | P49: =IF(D49="","",D49+273.15) | Q49: =IF(OR(N49="",P49=""),"",N49*1000000/($B$5*$B$6*P49)) | R49: =IF(Q49="","",IF(Q49<=0,"",$B$7*1000000/Q49)) | S49: =IF(OR(Q49="",$B$8<=0),"",Q49/$B$8) | T49: =IF(OR(Q49="",$B$8<=0),"",IF(Q49<=0,"check inputs",IF(Q49>$B$8,"> theoretical",INDEX(MM_Table!$A$9:$A$1009,MATCH(Q49,MM_Table!$D$9:$D$1009,1))))) | U49: =IF(A49="","",IFERROR(INDEX($Q$20:$Q$39,MATCH(A49,$A$20:$A$39,0)),"")) | V49: =IF(OR(D49="",N49=""),"",IF(U49="",IF(J49/(E49*1000)>0.2,"strain > 20 %","OK (no Tg on file)"),IF(D49-U49<30,"T < Tg + 30 °C",IF(J49/(E49*1000)>0.2,"strain > 20 %","OK"))))
K50: =IF(F50="","",PI()*F50^2/4) | L50: =IF(OR(E50="",H50=""),"",1-H50/(E50*1000)) | M50: =IF(OR(E50="",J50=""),"",1-J50/(E50*1000)) | N50: =IF(OR(K50="",L50="",M50="",G50="",I50=""),"",IFERROR((I50/K50-G50/K50)/((1/M50^2-M50)-(1/L50^2-L50)),"")) | O50: =IF(N50="","",3*N50) | P50: =IF(D50="","",D50+273.15) | Q50: =IF(OR(N50="",P50=""),"",N50*1000000/($B$5*$B$6*P50)) | R50: =IF(Q50="","",IF(Q50<=0,"",$B$7*1000000/Q50)) | S50: =IF(OR(Q50="",$B$8<=0),"",Q50/$B$8) | T50: =IF(OR(Q50="",$B$8<=0),"",IF(Q50<=0,"check inputs",IF(Q50>$B$8,"> theoretical",INDEX(MM_Table!$A$9:$A$1009,MATCH(Q50,MM_Table!$D$9:$D$1009,1))))) | U50: =IF(A50="","",IFERROR(INDEX($Q$20:$Q$39,MATCH(A50,$A$20:$A$39,0)),"")) | V50: =IF(OR(D50="",N50=""),"",IF(U50="",IF(J50/(E50*1000)>0.2,"strain > 20 %","OK (no Tg on file)"),IF(D50-U50<30,"T < Tg + 30 °C",IF(J50/(E50*1000)>0.2,"strain > 20 %","OK"))))
K51: =IF(F51="","",PI()*F51^2/4) | L51: =IF(OR(E51="",H51=""),"",1-H51/(E51*1000)) | M51: =IF(OR(E51="",J51=""),"",1-J51/(E51*1000)) | N51: =IF(OR(K51="",L51="",M51="",G51="",I51=""),"",IFERROR((I51/K51-G51/K51)/((1/M51^2-M51)-(1/L51^2-L51)),"")) | O51: =IF(N51="","",3*N51) | P51: =IF(D51="","",D51+273.15) | Q51: =IF(OR(N51="",P51=""),"",N51*1000000/($B$5*$B$6*P51)) | R51: =IF(Q51="","",IF(Q51<=0,"",$B$7*1000000/Q51)) | S51: =IF(OR(Q51="",$B$8<=0),"",Q51/$B$8) | T51: =IF(OR(Q51="",$B$8<=0),"",IF(Q51<=0,"check inputs",IF(Q51>$B$8,"> theoretical",INDEX(MM_Table!$A$9:$A$1009,MATCH(Q51,MM_Table!$D$9:$D$1009,1))))) | U51: =IF(A51="","",IFERROR(INDEX($Q$20:$Q$39,MATCH(A51,$A$20:$A$39,0)),"")) | V51: =IF(OR(D51="",N51=""),"",IF(U51="",IF(J51/(E51*1000)>0.2,"strain > 20 %","OK (no Tg on file)"),IF(D51-U51<30,"T < Tg + 30 °C",IF(J51/(E51*1000)>0.2,"strain > 20 %","OK"))))
K52: =IF(F52="","",PI()*F52^2/4) | L52: =IF(OR(E52="",H52=""),"",1-H52/(E52*1000)) | M52: =IF(OR(E52="",J52=""),"",1-J52/(E52*1000)) | N52: =IF(OR(K52="",L52="",M52="",G52="",I52=""),"",IFERROR((I52/K52-G52/K52)/((1/M52^2-M52)-(1/L52^2-L52)),"")) | O52: =IF(N52="","",3*N52) | P52: =IF(D52="","",D52+273.15) | Q52: =IF(OR(N52="",P52=""),"",N52*1000000/($B$5*$B$6*P52)) | R52: =IF(Q52="","",IF(Q52<=0,"",$B$7*1000000/Q52)) | S52: =IF(OR(Q52="",$B$8<=0),"",Q52/$B$8) | T52: =IF(OR(Q52="",$B$8<=0),"",IF(Q52<=0,"check inputs",IF(Q52>$B$8,"> theoretical",INDEX(MM_Table!$A$9:$A$1009,MATCH(Q52,MM_Table!$D$9:$D$1009,1))))) | U52: =IF(A52="","",IFERROR(INDEX($Q$20:$Q$39,MATCH(A52,$A$20:$A$39,0)),"")) | V52: =IF(OR(D52="",N52=""),"",IF(U52="",IF(J52/(E52*1000)>0.2,"strain > 20 %","OK (no Tg on file)"),IF(D52-U52<30,"T < Tg + 30 °C",IF(J52/(E52*1000)>0.2,"strain > 20 %","OK"))))
K53: =IF(F53="","",PI()*F53^2/4) | L53: =IF(OR(E53="",H53=""),"",1-H53/(E53*1000)) | M53: =IF(OR(E53="",J53=""),"",1-J53/(E53*1000)) | N53: =IF(OR(K53="",L53="",M53="",G53="",I53=""),"",IFERROR((I53/K53-G53/K53)/((1/M53^2-M53)-(1/L53^2-L53)),"")) | O53: =IF(N53="","",3*N53) | P53: =IF(D53="","",D53+273.15) | Q53: =IF(OR(N53="",P53=""),"",N53*1000000/($B$5*$B$6*P53)) | R53: =IF(Q53="","",IF(Q53<=0,"",$B$7*1000000/Q53)) | S53: =IF(OR(Q53="",$B$8<=0),"",Q53/$B$8) | T53: =IF(OR(Q53="",$B$8<=0),"",IF(Q53<=0,"check inputs",IF(Q53>$B$8,"> theoretical",INDEX(MM_Table!$A$9:$A$1009,MATCH(Q53,MM_Table!$D$9:$D$1009,1))))) | U53: =IF(A53="","",IFERROR(INDEX($Q$20:$Q$39,MATCH(A53,$A$20:$A$39,0)),"")) | V53: =IF(OR(D53="",N53=""),"",IF(U53="",IF(J53/(E53*1000)>0.2,"strain > 20 %","OK (no Tg on file)"),IF(D53-U53<30,"T < Tg + 30 °C",IF(J53/(E53*1000)>0.2,"strain > 20 %","OK"))))
K54: =IF(F54="","",PI()*F54^2/4) | L54: =IF(OR(E54="",H54=""),"",1-H54/(E54*1000)) | M54: =IF(OR(E54="",J54=""),"",1-J54/(E54*1000)) | N54: =IF(OR(K54="",L54="",M54="",G54="",I54=""),"",IFERROR((I54/K54-G54/K54)/((1/M54^2-M54)-(1/L54^2-L54)),"")) | O54: =IF(N54="","",3*N54) | P54: =IF(D54="","",D54+273.15) | Q54: =IF(OR(N54="",P54=""),"",N54*1000000/($B$5*$B$6*P54)) | R54: =IF(Q54="","",IF(Q54<=0,"",$B$7*1000000/Q54)) | S54: =IF(OR(Q54="",$B$8<=0),"",Q54/$B$8) | T54: =IF(OR(Q54="",$B$8<=0),"",IF(Q54<=0,"check inputs",IF(Q54>$B$8,"> theoretical",INDEX(MM_Table!$A$9:$A$1009,MATCH(Q54,MM_Table!$D$9:$D$1009,1))))) | U54: =IF(A54="","",IFERROR(INDEX($Q$20:$Q$39,MATCH(A54,$A$20:$A$39,0)),"")) | V54: =IF(OR(D54="",N54=""),"",IF(U54="",IF(J54/(E54*1000)>0.2,"strain > 20 %","OK (no Tg on file)"),IF(D54-U54<30,"T < Tg + 30 °C",IF(J54/(E54*1000)>0.2,"strain > 20 %","OK"))))
K55: =IF(F55="","",PI()*F55^2/4) | L55: =IF(OR(E55="",H55=""),"",1-H55/(E55*1000)) | M55: =IF(OR(E55="",J55=""),"",1-J55/(E55*1000)) | N55: =IF(OR(K55="",L55="",M55="",G55="",I55=""),"",IFERROR((I55/K55-G55/K55)/((1/M55^2-M55)-(1/L55^2-L55)),"")) | O55: =IF(N55="","",3*N55) | P55: =IF(D55="","",D55+273.15) | Q55: =IF(OR(N55="",P55=""),"",N55*1000000/($B$5*$B$6*P55)) | R55: =IF(Q55="","",IF(Q55<=0,"",$B$7*1000000/Q55)) | S55: =IF(OR(Q55="",$B$8<=0),"",Q55/$B$8) | T55: =IF(OR(Q55="",$B$8<=0),"",IF(Q55<=0,"check inputs",IF(Q55>$B$8,"> theoretical",INDEX(MM_Table!$A$9:$A$1009,MATCH(Q55,MM_Table!$D$9:$D$1009,1))))) | U55: =IF(A55="","",IFERROR(INDEX($Q$20:$Q$39,MATCH(A55,$A$20:$A$39,0)),"")) | V55: =IF(OR(D55="",N55=""),"",IF(U55="",IF(J55/(E55*1000)>0.2,"strain > 20 %","OK (no Tg on file)"),IF(D55-U55<30,"T < Tg + 30 °C",IF(J55/(E55*1000)>0.2,"strain > 20 %","OK"))))
K56: =IF(F56="","",PI()*F56^2/4) | L56: =IF(OR(E56="",H56=""),"",1-H56/(E56*1000)) | M56: =IF(OR(E56="",J56=""),"",1-J56/(E56*1000)) | N56: =IF(OR(K56="",L56="",M56="",G56="",I56=""),"",IFERROR((I56/K56-G56/K56)/((1/M56^2-M56)-(1/L56^2-L56)),"")) | O56: =IF(N56="","",3*N56) | P56: =IF(D56="","",D56+273.15) | Q56: =IF(OR(N56="",P56=""),"",N56*1000000/($B$5*$B$6*P56)) | R56: =IF(Q56="","",IF(Q56<=0,"",$B$7*1000000/Q56)) | S56: =IF(OR(Q56="",$B$8<=0),"",Q56/$B$8) | T56: =IF(OR(Q56="",$B$8<=0),"",IF(Q56<=0,"check inputs",IF(Q56>$B$8,"> theoretical",INDEX(MM_Table!$A$9:$A$1009,MATCH(Q56,MM_Table!$D$9:$D$1009,1))))) | U56: =IF(A56="","",IFERROR(INDEX($Q$20:$Q$39,MATCH(A56,$A$20:$A$39,0)),"")) | V56: =IF(OR(D56="",N56=""),"",IF(U56="",IF(J56/(E56*1000)>0.2,"strain > 20 %","OK (no Tg on file)"),IF(D56-U56<30,"T < Tg + 30 °C",IF(J56/(E56*1000)>0.2,"strain > 20 %","OK"))))
K57: =IF(F57="","",PI()*F57^2/4) | L57: =IF(OR(E57="",H57=""),"",1-H57/(E57*1000)) | M57: =IF(OR(E57="",J57=""),"",1-J57/(E57*1000)) | N57: =IF(OR(K57="",L57="",M57="",G57="",I57=""),"",IFERROR((I57/K57-G57/K57)/((1/M57^2-M57)-(1/L57^2-L57)),"")) | O57: =IF(N57="","",3*N57) | P57: =IF(D57="","",D57+273.15) | Q57: =IF(OR(N57="",P57=""),"",N57*1000000/($B$5*$B$6*P57)) | R57: =IF(Q57="","",IF(Q57<=0,"",$B$7*1000000/Q57)) | S57: =IF(OR(Q57="",$B$8<=0),"",Q57/$B$8) | T57: =IF(OR(Q57="",$B$8<=0),"",IF(Q57<=0,"check inputs",IF(Q57>$B$8,"> theoretical",INDEX(MM_Table!$A$9:$A$1009,MATCH(Q57,MM_Table!$D$9:$D$1009,1))))) | U57: =IF(A57="","",IFERROR(INDEX($Q$20:$Q$39,MATCH(A57,$A$20:$A$39,0)),"")) | V57: =IF(OR(D57="",N57=""),"",IF(U57="",IF(J57/(E57*1000)>0.2,"strain > 20 %","OK (no Tg on file)"),IF(D57-U57<30,"T < Tg + 30 °C",IF(J57/(E57*1000)>0.2,"strain > 20 %","OK"))))
... K62: =IF(F62="","",PI()*F62^2/4) | L62: =IF(OR(E62="",H62=""),"",1-H62/(E62*1000)) | M62: =IF(OR(E62="",J62=""),"",1-J62/(E62*1000)) | N62: =IF(OR(K62="",L62="",M62="",G62="",I62=""),"",IFERROR((I62/K62-G62/K62)/((1/M62^2-M62)-(1/L62^2-L62)),"")) | O62: =IF(N62="","",3*N62) | P62: =IF(D62="","",D62+273.15) | Q62: =IF(OR(N62="",P62=""),"",N62*1000000/($B$5*$B$6*P62)) | R62: =IF(Q62="","",IF(Q62<=0,"",$B$7*1000000/Q62)) | S62: =IF(OR(Q62="",$B$8<=0),"",Q62/$B$8) | T62: =IF(OR(Q62="",$B$8<=0),"",IF(Q62<=0,"check inputs",IF(Q62>$B$8,"> theoretical",INDEX(MM_Table!$A$9:$A$1009,MATCH(Q62,MM_Table!$D$9:$D$1009,1))))) | U62: =IF(A62="","",IFERROR(INDEX($Q$20:$Q$39,MATCH(A62,$A$20:$A$39,0)),"")) | V62: =IF(OR(D62="",N62=""),"",IF(U62="",IF(J62/(E62*1000)>0.2,"strain > 20 %","OK (no Tg on file)"),IF(D62-U62<30,"T < Tg + 30 °C",IF(J62/(E62*1000)>0.2,"strain > 20 %","OK"))))
A64: "> theoretical": measured ν_e exceeds the ideal network — physical crosslinks, trapped entanglements, side-reaction branching, friction at unlubricated faces, or wrong φ/inputs.

Sheet MM_Table
A1: Miller–Macosko lookup table (calculation sheet — no inputs)
A2: ν_e as a function of NCO conversion; DMA looks measured ν_e up here. Rows beyond the maximum attainable conversion are set to 1E+30. ▸ How to use this sheet: column E
A3: r (NCO:OH) | B3: =Formulation!B17 | E3: HOW TO USE — MM_Table
A4: f (crosslinker) | B4: =Formulation!B23 | E4: ↩ Back to the Guide
A5: [Bf]0 (mol/m³) | B5: =Formulation!B25 | E5: No inputs — everything here is calculated from the Formulation sheet.
A6: α_max | B6: =Formulation!B26 | E6: DMA and TMA look up their measured ν_e in column D and get the matching α (resolution 0.001).
E7: Below the gel point ν_e = 0, so the modulus routes cannot resolve conversion there.
A8: α (NCO conversion) | B8: k = r·α² | C8: b = P(F_out) | D8: ν_e (mol/m³)
A9: 0 | B9: =$B$3*A9^2 | C9: =IF($B$4=3,IF(B9<=0.5,1,(1-B9)/B9),IF($B$4=4,IF(B9<=1/3,1,(-B9+SQRT(4*B9-3*B9^2))/(2*B9)),1)) | D9: =IF(A9>$B$6+0.0000001,1E+30,$B$5*IF($B$4=3,1.5*(1-C9)^3,IF($B$4=4,2*(1-C9)^4+6*C9*(1-C9)^3,0))) | E9: Figure — ν_e is far from proportional to conversion; it rises only after the gel point.
A10: 0.001 | B10: =$B$3*A10^2 | C10: =IF($B$4=3,IF(B10<=0.5,1,(1-B10)/B10),IF($B$4=4,IF(B10<=1/3,1,(-B10+SQRT(4*B10-3*B10^2))/(2*B10)),1)) | D10: =IF(A10>$B$6+0.0000001,1E+30,$B$5*IF($B$4=3,1.5*(1-C10)^3,IF($B$4=4,2*(1-C10)^4+6*C10*(1-C10)^3,0)))
A11: 0.002 | B11: =$B$3*A11^2 | C11: =IF($B$4=3,IF(B11<=0.5,1,(1-B11)/B11),IF($B$4=4,IF(B11<=1/3,1,(-B11+SQRT(4*B11-3*B11^2))/(2*B11)),1)) | D11: =IF(A11>$B$6+0.0000001,1E+30,$B$5*IF($B$4=3,1.5*(1-C11)^3,IF($B$4=4,2*(1-C11)^4+6*C11*(1-C11)^3,0)))
A12: 0.003 | B12: =$B$3*A12^2 | C12: =IF($B$4=3,IF(B12<=0.5,1,(1-B12)/B12),IF($B$4=4,IF(B12<=1/3,1,(-B12+SQRT(4*B12-3*B12^2))/(2*B12)),1)) | D12: =IF(A12>$B$6+0.0000001,1E+30,$B$5*IF($B$4=3,1.5*(1-C12)^3,IF($B$4=4,2*(1-C12)^4+6*C12*(1-C12)^3,0)))
A13: 0.004 | B13: =$B$3*A13^2 | C13: =IF($B$4=3,IF(B13<=0.5,1,(1-B13)/B13),IF($B$4=4,IF(B13<=1/3,1,(-B13+SQRT(4*B13-3*B13^2))/(2*B13)),1)) | D13: =IF(A13>$B$6+0.0000001,1E+30,$B$5*IF($B$4=3,1.5*(1-C13)^3,IF($B$4=4,2*(1-C13)^4+6*C13*(1-C13)^3,0)))
A14: 0.005 | B14: =$B$3*A14^2 | C14: =IF($B$4=3,IF(B14<=0.5,1,(1-B14)/B14),IF($B$4=4,IF(B14<=1/3,1,(-B14+SQRT(4*B14-3*B14^2))/(2*B14)),1)) | D14: =IF(A14>$B$6+0.0000001,1E+30,$B$5*IF($B$4=3,1.5*(1-C14)^3,IF($B$4=4,2*(1-C14)^4+6*C14*(1-C14)^3,0)))
A15: 0.006 | B15: =$B$3*A15^2 | C15: =IF($B$4=3,IF(B15<=0.5,1,(1-B15)/B15),IF($B$4=4,IF(B15<=1/3,1,(-B15+SQRT(4*B15-3*B15^2))/(2*B15)),1)) | D15: =IF(A15>$B$6+0.0000001,1E+30,$B$5*IF($B$4=3,1.5*(1-C15)^3,IF($B$4=4,2*(1-C15)^4+6*C15*(1-C15)^3,0)))
A16: 0.007 | B16: =$B$3*A16^2 | C16: =IF($B$4=3,IF(B16<=0.5,1,(1-B16)/B16),IF($B$4=4,IF(B16<=1/3,1,(-B16+SQRT(4*B16-3*B16^2))/(2*B16)),1)) | D16: =IF(A16>$B$6+0.0000001,1E+30,$B$5*IF($B$4=3,1.5*(1-C16)^3,IF($B$4=4,2*(1-C16)^4+6*C16*(1-C16)^3,0)))
A17: 0.008 | B17: =$B$3*A17^2 | C17: =IF($B$4=3,IF(B17<=0.5,1,(1-B17)/B17),IF($B$4=4,IF(B17<=1/3,1,(-B17+SQRT(4*B17-3*B17^2))/(2*B17)),1)) | D17: =IF(A17>$B$6+0.0000001,1E+30,$B$5*IF($B$4=3,1.5*(1-C17)^3,IF($B$4=4,2*(1-C17)^4+6*C17*(1-C17)^3,0)))
A18: 0.009 | B18: =$B$3*A18^2 | C18: =IF($B$4=3,IF(B18<=0.5,1,(1-B18)/B18),IF($B$4=4,IF(B18<=1/3,1,(-B18+SQRT(4*B18-3*B18^2))/(2*B18)),1)) | D18: =IF(A18>$B$6+0.0000001,1E+30,$B$5*IF($B$4=3,1.5*(1-C18)^3,IF($B$4=4,2*(1-C18)^4+6*C18*(1-C18)^3,0)))
A19: 0.01 | B19: =$B$3*A19^2 | C19: =IF($B$4=3,IF(B19<=0.5,1,(1-B19)/B19),IF($B$4=4,IF(B19<=1/3,1,(-B19+SQRT(4*B19-3*B19^2))/(2*B19)),1)) | D19: =IF(A19>$B$6+0.0000001,1E+30,$B$5*IF($B$4=3,1.5*(1-C19)^3,IF($B$4=4,2*(1-C19)^4+6*C19*(1-C19)^3,0)))
A20: 0.011 | B20: =$B$3*A20^2 | C20: =IF($B$4=3,IF(B20<=0.5,1,(1-B20)/B20),IF($B$4=4,IF(B20<=1/3,1,(-B20+SQRT(4*B20-3*B20^2))/(2*B20)),1)) | D20: =IF(A20>$B$6+0.0000001,1E+30,$B$5*IF($B$4=3,1.5*(1-C20)^3,IF($B$4=4,2*(1-C20)^4+6*C20*(1-C20)^3,0)))
A21: 0.012 | B21: =$B$3*A21^2 | C21: =IF($B$4=3,IF(B21<=0.5,1,(1-B21)/B21),IF($B$4=4,IF(B21<=1/3,1,(-B21+SQRT(4*B21-3*B21^2))/(2*B21)),1)) | D21: =IF(A21>$B$6+0.0000001,1E+30,$B$5*IF($B$4=3,1.5*(1-C21)^3,IF($B$4=4,2*(1-C21)^4+6*C21*(1-C21)^3,0)))
... A1009: 1 | B1009: =$B$3*A1009^2 | C1009: =IF($B$4=3,IF(B1009<=0.5,1,(1-B1009)/B1009),IF($B$4=4,IF(B1009<=1/3,1,(-B1009+SQRT(4*B1009-3*B1009^2))/(2*B1009)),1)) | D1009: =IF(A1009>$B$6+0.0000001,1E+30,$B$5*IF($B$4=3,1.5*(1-C1009)^3,IF($B$4=4,2*(1-C1009)^4+6*C1009*(1-C1009)^3,0)))

Sheet Lambda_Fit
A1: λ fit for the DiBenedetto equation (calculation sheet — no inputs)
A2: Least squares: picks the λ that minimises Σ(α_Tg − α_heat)² on a 0.005 grid. Feeds DSC!J20, DMA!K14 and TMA!K14. ▸ How to use this sheet: column AB
A3: DSC points (DSC rows 23–42) | I3: DMA points vs DSC α | P3: TMA points vs DSC α | W3: λ grid | AB3: Results
A4: DSC row | B4: Sample ID | C4: x | D4: α_heat | E4: use | F4: x used | G4: α used | I4: Sample ID | J4: x (tan δ) | K4: α_heat (DSC) | L4: use | M4: x used | N4: α used | P4: Sample ID | Q4: x (TMA) | R4: α_heat (DSC) | S4: use | T4: x used | U4: α used | W4: λ | X4: SSE (DSC) | Y4: SSE (DMA) | Z4: SSE (TMA)
A5: 23 | B5: =IF(DSC!A23="","",DSC!A23) | C5: =DSC!J23 | D5: =DSC!H23 | E5: =IF(AND(ISNUMBER(C5),ISNUMBER(D5)),IF(AND(C5>=0,C5<=1,D5>=0,D5<=1),1,0),0) | F5: =IF(E5=1,C5,0) | G5: =IF(E5=1,D5,0) | I5: =IF(DMA!A18="","",DMA!A18) | J5: =IF(DMA!F18="","",(DMA!F18-DMA!$B$13)/(DMA!$B$14-DMA!$B$13)) | K5: =IF(I5="","",IFERROR(INDEX(DSC!$H$23:$H$42,MATCH(I5,DSC!$A$23:$A$42,0)),"")) | L5: =IF(AND(ISNUMBER(J5),ISNUMBER(K5)),IF(AND(J5>=0,J5<=1,K5>=0,K5<=1),1,0),0) | M5: =IF(L5=1,J5,0) | N5: =IF(L5=1,K5,0) | P5: =IF(TMA!A20="","",TMA!A20) | Q5: =TMA!R20 | R5: =IF(P5="","",IFERROR(INDEX(DSC!$H$23:$H$42,MATCH(P5,DSC!$A$23:$A$42,0)),"")) | S5: =IF(AND(ISNUMBER(Q5),ISNUMBER(R5)),IF(AND(Q5>=0,Q5<=1,R5>=0,R5<=1),1,0),0) | T5: =IF(S5=1,Q5,0) | U5: =IF(S5=1,R5,0) | W5: 0.05 | X5: =SUMPRODUCT($E$5:$E$24,($F$5:$F$24/(W5+$F$5:$F$24*(1-W5))-$G$5:$G$24)^2) | Y5: =SUMPRODUCT($L$5:$L$24,($M$5:$M$24/(W5+$M$5:$M$24*(1-W5))-$N$5:$N$24)^2) | Z5: =SUMPRODUCT($S$5:$S$24,($T$5:$T$24/(W5+$T$5:$T$24*(1-W5))-$U$5:$U$24)^2) | AB5: DSC points used | AC5: =SUM(E5:E24)
A6: 24 | B6: =IF(DSC!A24="","",DSC!A24) | C6: =DSC!J24 | D6: =DSC!H24 | E6: =IF(AND(ISNUMBER(C6),ISNUMBER(D6)),IF(AND(C6>=0,C6<=1,D6>=0,D6<=1),1,0),0) | F6: =IF(E6=1,C6,0) | G6: =IF(E6=1,D6,0) | I6: =IF(DMA!A19="","",DMA!A19) | J6: =IF(DMA!F19="","",(DMA!F19-DMA!$B$13)/(DMA!$B$14-DMA!$B$13)) | K6: =IF(I6="","",IFERROR(INDEX(DSC!$H$23:$H$42,MATCH(I6,DSC!$A$23:$A$42,0)),"")) | L6: =IF(AND(ISNUMBER(J6),ISNUMBER(K6)),IF(AND(J6>=0,J6<=1,K6>=0,K6<=1),1,0),0) | M6: =IF(L6=1,J6,0) | N6: =IF(L6=1,K6,0) | P6: =IF(TMA!A21="","",TMA!A21) | Q6: =TMA!R21 | R6: =IF(P6="","",IFERROR(INDEX(DSC!$H$23:$H$42,MATCH(P6,DSC!$A$23:$A$42,0)),"")) | S6: =IF(AND(ISNUMBER(Q6),ISNUMBER(R6)),IF(AND(Q6>=0,Q6<=1,R6>=0,R6<=1),1,0),0) | T6: =IF(S6=1,Q6,0) | U6: =IF(S6=1,R6,0) | W6: 0.055 | X6: =SUMPRODUCT($E$5:$E$24,($F$5:$F$24/(W6+$F$5:$F$24*(1-W6))-$G$5:$G$24)^2) | Y6: =SUMPRODUCT($L$5:$L$24,($M$5:$M$24/(W6+$M$5:$M$24*(1-W6))-$N$5:$N$24)^2) | Z6: =SUMPRODUCT($S$5:$S$24,($T$5:$T$24/(W6+$T$5:$T$24*(1-W6))-$U$5:$U$24)^2) | AB6: λ fitted to DSC data | AC6: =IF(AC5<2,"",INDEX($W$5:$W$295,MATCH(MIN($X$5:$X$295),$X$5:$X$295,0)))
A7: 25 | B7: =IF(DSC!A25="","",DSC!A25) | C7: =DSC!J25 | D7: =DSC!H25 | E7: =IF(AND(ISNUMBER(C7),ISNUMBER(D7)),IF(AND(C7>=0,C7<=1,D7>=0,D7<=1),1,0),0) | F7: =IF(E7=1,C7,0) | G7: =IF(E7=1,D7,0) | I7: =IF(DMA!A20="","",DMA!A20) | J7: =IF(DMA!F20="","",(DMA!F20-DMA!$B$13)/(DMA!$B$14-DMA!$B$13)) | K7: =IF(I7="","",IFERROR(INDEX(DSC!$H$23:$H$42,MATCH(I7,DSC!$A$23:$A$42,0)),"")) | L7: =IF(AND(ISNUMBER(J7),ISNUMBER(K7)),IF(AND(J7>=0,J7<=1,K7>=0,K7<=1),1,0),0) | M7: =IF(L7=1,J7,0) | N7: =IF(L7=1,K7,0) | P7: =IF(TMA!A22="","",TMA!A22) | Q7: =TMA!R22 | R7: =IF(P7="","",IFERROR(INDEX(DSC!$H$23:$H$42,MATCH(P7,DSC!$A$23:$A$42,0)),"")) | S7: =IF(AND(ISNUMBER(Q7),ISNUMBER(R7)),IF(AND(Q7>=0,Q7<=1,R7>=0,R7<=1),1,0),0) | T7: =IF(S7=1,Q7,0) | U7: =IF(S7=1,R7,0) | W7: 0.06 | X7: =SUMPRODUCT($E$5:$E$24,($F$5:$F$24/(W7+$F$5:$F$24*(1-W7))-$G$5:$G$24)^2) | Y7: =SUMPRODUCT($L$5:$L$24,($M$5:$M$24/(W7+$M$5:$M$24*(1-W7))-$N$5:$N$24)^2) | Z7: =SUMPRODUCT($S$5:$S$24,($T$5:$T$24/(W7+$T$5:$T$24*(1-W7))-$U$5:$U$24)^2) | AB7: RMS residual in α (DSC) | AC7: =IF(AC6="","",SQRT(MIN($X$5:$X$295)/AC5))
A8: 26 | B8: =IF(DSC!A26="","",DSC!A26) | C8: =DSC!J26 | D8: =DSC!H26 | E8: =IF(AND(ISNUMBER(C8),ISNUMBER(D8)),IF(AND(C8>=0,C8<=1,D8>=0,D8<=1),1,0),0) | F8: =IF(E8=1,C8,0) | G8: =IF(E8=1,D8,0) | I8: =IF(DMA!A21="","",DMA!A21) | J8: =IF(DMA!F21="","",(DMA!F21-DMA!$B$13)/(DMA!$B$14-DMA!$B$13)) | K8: =IF(I8="","",IFERROR(INDEX(DSC!$H$23:$H$42,MATCH(I8,DSC!$A$23:$A$42,0)),"")) | L8: =IF(AND(ISNUMBER(J8),ISNUMBER(K8)),IF(AND(J8>=0,J8<=1,K8>=0,K8<=1),1,0),0) | M8: =IF(L8=1,J8,0) | N8: =IF(L8=1,K8,0) | P8: =IF(TMA!A23="","",TMA!A23) | Q8: =TMA!R23 | R8: =IF(P8="","",IFERROR(INDEX(DSC!$H$23:$H$42,MATCH(P8,DSC!$A$23:$A$42,0)),"")) | S8: =IF(AND(ISNUMBER(Q8),ISNUMBER(R8)),IF(AND(Q8>=0,Q8<=1,R8>=0,R8<=1),1,0),0) | T8: =IF(S8=1,Q8,0) | U8: =IF(S8=1,R8,0) | W8: 0.065 | X8: =SUMPRODUCT($E$5:$E$24,($F$5:$F$24/(W8+$F$5:$F$24*(1-W8))-$G$5:$G$24)^2) | Y8: =SUMPRODUCT($L$5:$L$24,($M$5:$M$24/(W8+$M$5:$M$24*(1-W8))-$N$5:$N$24)^2) | Z8: =SUMPRODUCT($S$5:$S$24,($T$5:$T$24/(W8+$T$5:$T$24*(1-W8))-$U$5:$U$24)^2) | AB8: DMA points used | AC8: =SUM(L5:L24)
A9: 27 | B9: =IF(DSC!A27="","",DSC!A27) | C9: =DSC!J27 | D9: =DSC!H27 | E9: =IF(AND(ISNUMBER(C9),ISNUMBER(D9)),IF(AND(C9>=0,C9<=1,D9>=0,D9<=1),1,0),0) | F9: =IF(E9=1,C9,0) | G9: =IF(E9=1,D9,0) | I9: =IF(DMA!A22="","",DMA!A22) | J9: =IF(DMA!F22="","",(DMA!F22-DMA!$B$13)/(DMA!$B$14-DMA!$B$13)) | K9: =IF(I9="","",IFERROR(INDEX(DSC!$H$23:$H$42,MATCH(I9,DSC!$A$23:$A$42,0)),"")) | L9: =IF(AND(ISNUMBER(J9),ISNUMBER(K9)),IF(AND(J9>=0,J9<=1,K9>=0,K9<=1),1,0),0) | M9: =IF(L9=1,J9,0) | N9: =IF(L9=1,K9,0) | P9: =IF(TMA!A24="","",TMA!A24) | Q9: =TMA!R24 | R9: =IF(P9="","",IFERROR(INDEX(DSC!$H$23:$H$42,MATCH(P9,DSC!$A$23:$A$42,0)),"")) | S9: =IF(AND(ISNUMBER(Q9),ISNUMBER(R9)),IF(AND(Q9>=0,Q9<=1,R9>=0,R9<=1),1,0),0) | T9: =IF(S9=1,Q9,0) | U9: =IF(S9=1,R9,0) | W9: 0.07 | X9: =SUMPRODUCT($E$5:$E$24,($F$5:$F$24/(W9+$F$5:$F$24*(1-W9))-$G$5:$G$24)^2) | Y9: =SUMPRODUCT($L$5:$L$24,($M$5:$M$24/(W9+$M$5:$M$24*(1-W9))-$N$5:$N$24)^2) | Z9: =SUMPRODUCT($S$5:$S$24,($T$5:$T$24/(W9+$T$5:$T$24*(1-W9))-$U$5:$U$24)^2) | AB9: λ fitted to DMA Tg vs DSC α | AC9: =IF(AC8<2,"",INDEX($W$5:$W$295,MATCH(MIN($Y$5:$Y$295),$Y$5:$Y$295,0)))
A10: 28 | B10: =IF(DSC!A28="","",DSC!A28) | C10: =DSC!J28 | D10: =DSC!H28 | E10: =IF(AND(ISNUMBER(C10),ISNUMBER(D10)),IF(AND(C10>=0,C10<=1,D10>=0,D10<=1),1,0),0) | F10: =IF(E10=1,C10,0) | G10: =IF(E10=1,D10,0) | I10: =IF(DMA!A23="","",DMA!A23) | J10: =IF(DMA!F23="","",(DMA!F23-DMA!$B$13)/(DMA!$B$14-DMA!$B$13)) | K10: =IF(I10="","",IFERROR(INDEX(DSC!$H$23:$H$42,MATCH(I10,DSC!$A$23:$A$42,0)),"")) | L10: =IF(AND(ISNUMBER(J10),ISNUMBER(K10)),IF(AND(J10>=0,J10<=1,K10>=0,K10<=1),1,0),0) | M10: =IF(L10=1,J10,0) | N10: =IF(L10=1,K10,0) | P10: =IF(TMA!A25="","",TMA!A25) | Q10: =TMA!R25 | R10: =IF(P10="","",IFERROR(INDEX(DSC!$H$23:$H$42,MATCH(P10,DSC!$A$23:$A$42,0)),"")) | S10: =IF(AND(ISNUMBER(Q10),ISNUMBER(R10)),IF(AND(Q10>=0,Q10<=1,R10>=0,R10<=1),1,0),0) | T10: =IF(S10=1,Q10,0) | U10: =IF(S10=1,R10,0) | W10: 0.075 | X10: =SUMPRODUCT($E$5:$E$24,($F$5:$F$24/(W10+$F$5:$F$24*(1-W10))-$G$5:$G$24)^2) | Y10: =SUMPRODUCT($L$5:$L$24,($M$5:$M$24/(W10+$M$5:$M$24*(1-W10))-$N$5:$N$24)^2) | Z10: =SUMPRODUCT($S$5:$S$24,($T$5:$T$24/(W10+$T$5:$T$24*(1-W10))-$U$5:$U$24)^2) | AB10: RMS residual in α (DMA) | AC10: =IF(AC9="","",SQRT(MIN($Y$5:$Y$295)/AC8))
A11: 29 | B11: =IF(DSC!A29="","",DSC!A29) | C11: =DSC!J29 | D11: =DSC!H29 | E11: =IF(AND(ISNUMBER(C11),ISNUMBER(D11)),IF(AND(C11>=0,C11<=1,D11>=0,D11<=1),1,0),0) | F11: =IF(E11=1,C11,0) | G11: =IF(E11=1,D11,0) | I11: =IF(DMA!A24="","",DMA!A24) | J11: =IF(DMA!F24="","",(DMA!F24-DMA!$B$13)/(DMA!$B$14-DMA!$B$13)) | K11: =IF(I11="","",IFERROR(INDEX(DSC!$H$23:$H$42,MATCH(I11,DSC!$A$23:$A$42,0)),"")) | L11: =IF(AND(ISNUMBER(J11),ISNUMBER(K11)),IF(AND(J11>=0,J11<=1,K11>=0,K11<=1),1,0),0) | M11: =IF(L11=1,J11,0) | N11: =IF(L11=1,K11,0) | P11: =IF(TMA!A26="","",TMA!A26) | Q11: =TMA!R26 | R11: =IF(P11="","",IFERROR(INDEX(DSC!$H$23:$H$42,MATCH(P11,DSC!$A$23:$A$42,0)),"")) | S11: =IF(AND(ISNUMBER(Q11),ISNUMBER(R11)),IF(AND(Q11>=0,Q11<=1,R11>=0,R11<=1),1,0),0) | T11: =IF(S11=1,Q11,0) | U11: =IF(S11=1,R11,0) | W11: 0.08 | X11: =SUMPRODUCT($E$5:$E$24,($F$5:$F$24/(W11+$F$5:$F$24*(1-W11))-$G$5:$G$24)^2) | Y11: =SUMPRODUCT($L$5:$L$24,($M$5:$M$24/(W11+$M$5:$M$24*(1-W11))-$N$5:$N$24)^2) | Z11: =SUMPRODUCT($S$5:$S$24,($T$5:$T$24/(W11+$T$5:$T$24*(1-W11))-$U$5:$U$24)^2) | AB11: TMA points used | AC11: =SUM(S5:S24)
A12: 30 | B12: =IF(DSC!A30="","",DSC!A30) | C12: =DSC!J30 | D12: =DSC!H30 | E12: =IF(AND(ISNUMBER(C12),ISNUMBER(D12)),IF(AND(C12>=0,C12<=1,D12>=0,D12<=1),1,0),0) | F12: =IF(E12=1,C12,0) | G12: =IF(E12=1,D12,0) | I12: =IF(DMA!A25="","",DMA!A25) | J12: =IF(DMA!F25="","",(DMA!F25-DMA!$B$13)/(DMA!$B$14-DMA!$B$13)) | K12: =IF(I12="","",IFERROR(INDEX(DSC!$H$23:$H$42,MATCH(I12,DSC!$A$23:$A$42,0)),"")) | L12: =IF(AND(ISNUMBER(J12),ISNUMBER(K12)),IF(AND(J12>=0,J12<=1,K12>=0,K12<=1),1,0),0) | M12: =IF(L12=1,J12,0) | N12: =IF(L12=1,K12,0) | P12: =IF(TMA!A27="","",TMA!A27) | Q12: =TMA!R27 | R12: =IF(P12="","",IFERROR(INDEX(DSC!$H$23:$H$42,MATCH(P12,DSC!$A$23:$A$42,0)),"")) | S12: =IF(AND(ISNUMBER(Q12),ISNUMBER(R12)),IF(AND(Q12>=0,Q12<=1,R12>=0,R12<=1),1,0),0) | T12: =IF(S12=1,Q12,0) | U12: =IF(S12=1,R12,0) | W12: 0.085 | X12: =SUMPRODUCT($E$5:$E$24,($F$5:$F$24/(W12+$F$5:$F$24*(1-W12))-$G$5:$G$24)^2) | Y12: =SUMPRODUCT($L$5:$L$24,($M$5:$M$24/(W12+$M$5:$M$24*(1-W12))-$N$5:$N$24)^2) | Z12: =SUMPRODUCT($S$5:$S$24,($T$5:$T$24/(W12+$T$5:$T$24*(1-W12))-$U$5:$U$24)^2) | AB12: λ fitted to TMA Tg vs DSC α | AC12: =IF(AC11<2,"",INDEX($W$5:$W$295,MATCH(MIN($Z$5:$Z$295),$Z$5:$Z$295,0)))
A13: 31 | B13: =IF(DSC!A31="","",DSC!A31) | C13: =DSC!J31 | D13: =DSC!H31 | E13: =IF(AND(ISNUMBER(C13),ISNUMBER(D13)),IF(AND(C13>=0,C13<=1,D13>=0,D13<=1),1,0),0) | F13: =IF(E13=1,C13,0) | G13: =IF(E13=1,D13,0) | I13: =IF(DMA!A26="","",DMA!A26) | J13: =IF(DMA!F26="","",(DMA!F26-DMA!$B$13)/(DMA!$B$14-DMA!$B$13)) | K13: =IF(I13="","",IFERROR(INDEX(DSC!$H$23:$H$42,MATCH(I13,DSC!$A$23:$A$42,0)),"")) | L13: =IF(AND(ISNUMBER(J13),ISNUMBER(K13)),IF(AND(J13>=0,J13<=1,K13>=0,K13<=1),1,0),0) | M13: =IF(L13=1,J13,0) | N13: =IF(L13=1,K13,0) | P13: =IF(TMA!A28="","",TMA!A28) | Q13: =TMA!R28 | R13: =IF(P13="","",IFERROR(INDEX(DSC!$H$23:$H$42,MATCH(P13,DSC!$A$23:$A$42,0)),"")) | S13: =IF(AND(ISNUMBER(Q13),ISNUMBER(R13)),IF(AND(Q13>=0,Q13<=1,R13>=0,R13<=1),1,0),0) | T13: =IF(S13=1,Q13,0) | U13: =IF(S13=1,R13,0) | W13: 0.09 | X13: =SUMPRODUCT($E$5:$E$24,($F$5:$F$24/(W13+$F$5:$F$24*(1-W13))-$G$5:$G$24)^2) | Y13: =SUMPRODUCT($L$5:$L$24,($M$5:$M$24/(W13+$M$5:$M$24*(1-W13))-$N$5:$N$24)^2) | Z13: =SUMPRODUCT($S$5:$S$24,($T$5:$T$24/(W13+$T$5:$T$24*(1-W13))-$U$5:$U$24)^2) | AB13: RMS residual in α (TMA) | AC13: =IF(AC12="","",SQRT(MIN($Z$5:$Z$295)/AC11))
A14: 32 | B14: =IF(DSC!A32="","",DSC!A32) | C14: =DSC!J32 | D14: =DSC!H32 | E14: =IF(AND(ISNUMBER(C14),ISNUMBER(D14)),IF(AND(C14>=0,C14<=1,D14>=0,D14<=1),1,0),0) | F14: =IF(E14=1,C14,0) | G14: =IF(E14=1,D14,0) | I14: =IF(DMA!A27="","",DMA!A27) | J14: =IF(DMA!F27="","",(DMA!F27-DMA!$B$13)/(DMA!$B$14-DMA!$B$13)) | K14: =IF(I14="","",IFERROR(INDEX(DSC!$H$23:$H$42,MATCH(I14,DSC!$A$23:$A$42,0)),"")) | L14: =IF(AND(ISNUMBER(J14),ISNUMBER(K14)),IF(AND(J14>=0,J14<=1,K14>=0,K14<=1),1,0),0) | M14: =IF(L14=1,J14,0) | N14: =IF(L14=1,K14,0) | P14: =IF(TMA!A29="","",TMA!A29) | Q14: =TMA!R29 | R14: =IF(P14="","",IFERROR(INDEX(DSC!$H$23:$H$42,MATCH(P14,DSC!$A$23:$A$42,0)),"")) | S14: =IF(AND(ISNUMBER(Q14),ISNUMBER(R14)),IF(AND(Q14>=0,Q14<=1,R14>=0,R14<=1),1,0),0) | T14: =IF(S14=1,Q14,0) | U14: =IF(S14=1,R14,0) | W14: 0.095 | X14: =SUMPRODUCT($E$5:$E$24,($F$5:$F$24/(W14+$F$5:$F$24*(1-W14))-$G$5:$G$24)^2) | Y14: =SUMPRODUCT($L$5:$L$24,($M$5:$M$24/(W14+$M$5:$M$24*(1-W14))-$N$5:$N$24)^2) | Z14: =SUMPRODUCT($S$5:$S$24,($T$5:$T$24/(W14+$T$5:$T$24*(1-W14))-$U$5:$U$24)^2) | AB14: Fit check | AC14: =IF(OR(AC6=0.05,AC6=1.5,AC9=0.05,AC9=1.5,AC12=0.05,AC12=1.5),"A fit sits at the grid edge — the data do not constrain λ; check Tg0/Tg∞","OK")
A15: 33 | B15: =IF(DSC!A33="","",DSC!A33) | C15: =DSC!J33 | D15: =DSC!H33 | E15: =IF(AND(ISNUMBER(C15),ISNUMBER(D15)),IF(AND(C15>=0,C15<=1,D15>=0,D15<=1),1,0),0) | F15: =IF(E15=1,C15,0) | G15: =IF(E15=1,D15,0) | I15: =IF(DMA!A28="","",DMA!A28) | J15: =IF(DMA!F28="","",(DMA!F28-DMA!$B$13)/(DMA!$B$14-DMA!$B$13)) | K15: =IF(I15="","",IFERROR(INDEX(DSC!$H$23:$H$42,MATCH(I15,DSC!$A$23:$A$42,0)),"")) | L15: =IF(AND(ISNUMBER(J15),ISNUMBER(K15)),IF(AND(J15>=0,J15<=1,K15>=0,K15<=1),1,0),0) | M15: =IF(L15=1,J15,0) | N15: =IF(L15=1,K15,0) | P15: =IF(TMA!A30="","",TMA!A30) | Q15: =TMA!R30 | R15: =IF(P15="","",IFERROR(INDEX(DSC!$H$23:$H$42,MATCH(P15,DSC!$A$23:$A$42,0)),"")) | S15: =IF(AND(ISNUMBER(Q15),ISNUMBER(R15)),IF(AND(Q15>=0,Q15<=1,R15>=0,R15<=1),1,0),0) | T15: =IF(S15=1,Q15,0) | U15: =IF(S15=1,R15,0) | W15: 0.1 | X15: =SUMPRODUCT($E$5:$E$24,($F$5:$F$24/(W15+$F$5:$F$24*(1-W15))-$G$5:$G$24)^2) | Y15: =SUMPRODUCT($L$5:$L$24,($M$5:$M$24/(W15+$M$5:$M$24*(1-W15))-$N$5:$N$24)^2) | Z15: =SUMPRODUCT($S$5:$S$24,($T$5:$T$24/(W15+$T$5:$T$24*(1-W15))-$U$5:$U$24)^2)
A16: 34 | B16: =IF(DSC!A34="","",DSC!A34) | C16: =DSC!J34 | D16: =DSC!H34 | E16: =IF(AND(ISNUMBER(C16),ISNUMBER(D16)),IF(AND(C16>=0,C16<=1,D16>=0,D16<=1),1,0),0) | F16: =IF(E16=1,C16,0) | G16: =IF(E16=1,D16,0) | I16: =IF(DMA!A29="","",DMA!A29) | J16: =IF(DMA!F29="","",(DMA!F29-DMA!$B$13)/(DMA!$B$14-DMA!$B$13)) | K16: =IF(I16="","",IFERROR(INDEX(DSC!$H$23:$H$42,MATCH(I16,DSC!$A$23:$A$42,0)),"")) | L16: =IF(AND(ISNUMBER(J16),ISNUMBER(K16)),IF(AND(J16>=0,J16<=1,K16>=0,K16<=1),1,0),0) | M16: =IF(L16=1,J16,0) | N16: =IF(L16=1,K16,0) | P16: =IF(TMA!A31="","",TMA!A31) | Q16: =TMA!R31 | R16: =IF(P16="","",IFERROR(INDEX(DSC!$H$23:$H$42,MATCH(P16,DSC!$A$23:$A$42,0)),"")) | S16: =IF(AND(ISNUMBER(Q16),ISNUMBER(R16)),IF(AND(Q16>=0,Q16<=1,R16>=0,R16<=1),1,0),0) | T16: =IF(S16=1,Q16,0) | U16: =IF(S16=1,R16,0) | W16: 0.105 | X16: =SUMPRODUCT($E$5:$E$24,($F$5:$F$24/(W16+$F$5:$F$24*(1-W16))-$G$5:$G$24)^2) | Y16: =SUMPRODUCT($L$5:$L$24,($M$5:$M$24/(W16+$M$5:$M$24*(1-W16))-$N$5:$N$24)^2) | Z16: =SUMPRODUCT($S$5:$S$24,($T$5:$T$24/(W16+$T$5:$T$24*(1-W16))-$U$5:$U$24)^2)
A17: 35 | B17: =IF(DSC!A35="","",DSC!A35) | C17: =DSC!J35 | D17: =DSC!H35 | E17: =IF(AND(ISNUMBER(C17),ISNUMBER(D17)),IF(AND(C17>=0,C17<=1,D17>=0,D17<=1),1,0),0) | F17: =IF(E17=1,C17,0) | G17: =IF(E17=1,D17,0) | I17: =IF(DMA!A30="","",DMA!A30) | J17: =IF(DMA!F30="","",(DMA!F30-DMA!$B$13)/(DMA!$B$14-DMA!$B$13)) | K17: =IF(I17="","",IFERROR(INDEX(DSC!$H$23:$H$42,MATCH(I17,DSC!$A$23:$A$42,0)),"")) | L17: =IF(AND(ISNUMBER(J17),ISNUMBER(K17)),IF(AND(J17>=0,J17<=1,K17>=0,K17<=1),1,0),0) | M17: =IF(L17=1,J17,0) | N17: =IF(L17=1,K17,0) | P17: =IF(TMA!A32="","",TMA!A32) | Q17: =TMA!R32 | R17: =IF(P17="","",IFERROR(INDEX(DSC!$H$23:$H$42,MATCH(P17,DSC!$A$23:$A$42,0)),"")) | S17: =IF(AND(ISNUMBER(Q17),ISNUMBER(R17)),IF(AND(Q17>=0,Q17<=1,R17>=0,R17<=1),1,0),0) | T17: =IF(S17=1,Q17,0) | U17: =IF(S17=1,R17,0) | W17: 0.11 | X17: =SUMPRODUCT($E$5:$E$24,($F$5:$F$24/(W17+$F$5:$F$24*(1-W17))-$G$5:$G$24)^2) | Y17: =SUMPRODUCT($L$5:$L$24,($M$5:$M$24/(W17+$M$5:$M$24*(1-W17))-$N$5:$N$24)^2) | Z17: =SUMPRODUCT($S$5:$S$24,($T$5:$T$24/(W17+$T$5:$T$24*(1-W17))-$U$5:$U$24)^2) | AB17: HOW TO USE — Lambda_Fit
A18: 36 | B18: =IF(DSC!A36="","",DSC!A36) | C18: =DSC!J36 | D18: =DSC!H36 | E18: =IF(AND(ISNUMBER(C18),ISNUMBER(D18)),IF(AND(C18>=0,C18<=1,D18>=0,D18<=1),1,0),0) | F18: =IF(E18=1,C18,0) | G18: =IF(E18=1,D18,0) | I18: =IF(DMA!A31="","",DMA!A31) | J18: =IF(DMA!F31="","",(DMA!F31-DMA!$B$13)/(DMA!$B$14-DMA!$B$13)) | K18: =IF(I18="","",IFERROR(INDEX(DSC!$H$23:$H$42,MATCH(I18,DSC!$A$23:$A$42,0)),"")) | L18: =IF(AND(ISNUMBER(J18),ISNUMBER(K18)),IF(AND(J18>=0,J18<=1,K18>=0,K18<=1),1,0),0) | M18: =IF(L18=1,J18,0) | N18: =IF(L18=1,K18,0) | P18: =IF(TMA!A33="","",TMA!A33) | Q18: =TMA!R33 | R18: =IF(P18="","",IFERROR(INDEX(DSC!$H$23:$H$42,MATCH(P18,DSC!$A$23:$A$42,0)),"")) | S18: =IF(AND(ISNUMBER(Q18),ISNUMBER(R18)),IF(AND(Q18>=0,Q18<=1,R18>=0,R18<=1),1,0),0) | T18: =IF(S18=1,Q18,0) | U18: =IF(S18=1,R18,0) | W18: 0.115 | X18: =SUMPRODUCT($E$5:$E$24,($F$5:$F$24/(W18+$F$5:$F$24*(1-W18))-$G$5:$G$24)^2) | Y18: =SUMPRODUCT($L$5:$L$24,($M$5:$M$24/(W18+$M$5:$M$24*(1-W18))-$N$5:$N$24)^2) | Z18: =SUMPRODUCT($S$5:$S$24,($T$5:$T$24/(W18+$T$5:$T$24*(1-W18))-$U$5:$U$24)^2) | AB18: ↩ Back to the Guide
A19: 37 | B19: =IF(DSC!A37="","",DSC!A37) | C19: =DSC!J37 | D19: =DSC!H37 | E19: =IF(AND(ISNUMBER(C19),ISNUMBER(D19)),IF(AND(C19>=0,C19<=1,D19>=0,D19<=1),1,0),0) | F19: =IF(E19=1,C19,0) | G19: =IF(E19=1,D19,0) | I19: =IF(DMA!A32="","",DMA!A32) | J19: =IF(DMA!F32="","",(DMA!F32-DMA!$B$13)/(DMA!$B$14-DMA!$B$13)) | K19: =IF(I19="","",IFERROR(INDEX(DSC!$H$23:$H$42,MATCH(I19,DSC!$A$23:$A$42,0)),"")) | L19: =IF(AND(ISNUMBER(J19),ISNUMBER(K19)),IF(AND(J19>=0,J19<=1,K19>=0,K19<=1),1,0),0) | M19: =IF(L19=1,J19,0) | N19: =IF(L19=1,K19,0) | P19: =IF(TMA!A34="","",TMA!A34) | Q19: =TMA!R34 | R19: =IF(P19="","",IFERROR(INDEX(DSC!$H$23:$H$42,MATCH(P19,DSC!$A$23:$A$42,0)),"")) | S19: =IF(AND(ISNUMBER(Q19),ISNUMBER(R19)),IF(AND(Q19>=0,Q19<=1,R19>=0,R19<=1),1,0),0) | T19: =IF(S19=1,Q19,0) | U19: =IF(S19=1,R19,0) | W19: 0.12 | X19: =SUMPRODUCT($E$5:$E$24,($F$5:$F$24/(W19+$F$5:$F$24*(1-W19))-$G$5:$G$24)^2) | Y19: =SUMPRODUCT($L$5:$L$24,($M$5:$M$24/(W19+$M$5:$M$24*(1-W19))-$N$5:$N$24)^2) | Z19: =SUMPRODUCT($S$5:$S$24,($T$5:$T$24/(W19+$T$5:$T$24*(1-W19))-$U$5:$U$24)^2) | AB19: No inputs. For each λ from 0.050 to 1.500 (step 0.005) the sheet sums (α_Tg − α_heat)² over the
A20: 38 | B20: =IF(DSC!A38="","",DSC!A38) | C20: =DSC!J38 | D20: =DSC!H38 | E20: =IF(AND(ISNUMBER(C20),ISNUMBER(D20)),IF(AND(C20>=0,C20<=1,D20>=0,D20<=1),1,0),0) | F20: =IF(E20=1,C20,0) | G20: =IF(E20=1,D20,0) | I20: =IF(DMA!A33="","",DMA!A33) | J20: =IF(DMA!F33="","",(DMA!F33-DMA!$B$13)/(DMA!$B$14-DMA!$B$13)) | K20: =IF(I20="","",IFERROR(INDEX(DSC!$H$23:$H$42,MATCH(I20,DSC!$A$23:$A$42,0)),"")) | L20: =IF(AND(ISNUMBER(J20),ISNUMBER(K20)),IF(AND(J20>=0,J20<=1,K20>=0,K20<=1),1,0),0) | M20: =IF(L20=1,J20,0) | N20: =IF(L20=1,K20,0) | P20: =IF(TMA!A35="","",TMA!A35) | Q20: =TMA!R35 | R20: =IF(P20="","",IFERROR(INDEX(DSC!$H$23:$H$42,MATCH(P20,DSC!$A$23:$A$42,0)),"")) | S20: =IF(AND(ISNUMBER(Q20),ISNUMBER(R20)),IF(AND(Q20>=0,Q20<=1,R20>=0,R20<=1),1,0),0) | T20: =IF(S20=1,Q20,0) | U20: =IF(S20=1,R20,0) | W20: 0.125 | X20: =SUMPRODUCT($E$5:$E$24,($F$5:$F$24/(W20+$F$5:$F$24*(1-W20))-$G$5:$G$24)^2) | Y20: =SUMPRODUCT($L$5:$L$24,($M$5:$M$24/(W20+$M$5:$M$24*(1-W20))-$N$5:$N$24)^2) | Z20: =SUMPRODUCT($S$5:$S$24,($T$5:$T$24/(W20+$T$5:$T$24*(1-W20))-$U$5:$U$24)^2) | AB20: usable points (columns X–Z) and reports the λ with the smallest sum (AC6, AC9, AC12).
A21: 39 | B21: =IF(DSC!A39="","",DSC!A39) | C21: =DSC!J39 | D21: =DSC!H39 | E21: =IF(AND(ISNUMBER(C21),ISNUMBER(D21)),IF(AND(C21>=0,C21<=1,D21>=0,D21<=1),1,0),0) | F21: =IF(E21=1,C21,0) | G21: =IF(E21=1,D21,0) | I21: =IF(DMA!A34="","",DMA!A34) | J21: =IF(DMA!F34="","",(DMA!F34-DMA!$B$13)/(DMA!$B$14-DMA!$B$13)) | K21: =IF(I21="","",IFERROR(INDEX(DSC!$H$23:$H$42,MATCH(I21,DSC!$A$23:$A$42,0)),"")) | L21: =IF(AND(ISNUMBER(J21),ISNUMBER(K21)),IF(AND(J21>=0,J21<=1,K21>=0,K21<=1),1,0),0) | M21: =IF(L21=1,J21,0) | N21: =IF(L21=1,K21,0) | P21: =IF(TMA!A36="","",TMA!A36) | Q21: =TMA!R36 | R21: =IF(P21="","",IFERROR(INDEX(DSC!$H$23:$H$42,MATCH(P21,DSC!$A$23:$A$42,0)),"")) | S21: =IF(AND(ISNUMBER(Q21),ISNUMBER(R21)),IF(AND(Q21>=0,Q21<=1,R21>=0,R21<=1),1,0),0) | T21: =IF(S21=1,Q21,0) | U21: =IF(S21=1,R21,0) | W21: 0.13 | X21: =SUMPRODUCT($E$5:$E$24,($F$5:$F$24/(W21+$F$5:$F$24*(1-W21))-$G$5:$G$24)^2) | Y21: =SUMPRODUCT($L$5:$L$24,($M$5:$M$24/(W21+$M$5:$M$24*(1-W21))-$N$5:$N$24)^2) | Z21: =SUMPRODUCT($S$5:$S$24,($T$5:$T$24/(W21+$T$5:$T$24*(1-W21))-$U$5:$U$24)^2) | AB21: Which points count
A22: 40 | B22: =IF(DSC!A40="","",DSC!A40) | C22: =DSC!J40 | D22: =DSC!H40 | E22: =IF(AND(ISNUMBER(C22),ISNUMBER(D22)),IF(AND(C22>=0,C22<=1,D22>=0,D22<=1),1,0),0) | F22: =IF(E22=1,C22,0) | G22: =IF(E22=1,D22,0) | I22: =IF(DMA!A35="","",DMA!A35) | J22: =IF(DMA!F35="","",(DMA!F35-DMA!$B$13)/(DMA!$B$14-DMA!$B$13)) | K22: =IF(I22="","",IFERROR(INDEX(DSC!$H$23:$H$42,MATCH(I22,DSC!$A$23:$A$42,0)),"")) | L22: =IF(AND(ISNUMBER(J22),ISNUMBER(K22)),IF(AND(J22>=0,J22<=1,K22>=0,K22<=1),1,0),0) | M22: =IF(L22=1,J22,0) | N22: =IF(L22=1,K22,0) | P22: =IF(TMA!A37="","",TMA!A37) | Q22: =TMA!R37 | R22: =IF(P22="","",IFERROR(INDEX(DSC!$H$23:$H$42,MATCH(P22,DSC!$A$23:$A$42,0)),"")) | S22: =IF(AND(ISNUMBER(Q22),ISNUMBER(R22)),IF(AND(Q22>=0,Q22<=1,R22>=0,R22<=1),1,0),0) | T22: =IF(S22=1,Q22,0) | U22: =IF(S22=1,R22,0) | W22: 0.135 | X22: =SUMPRODUCT($E$5:$E$24,($F$5:$F$24/(W22+$F$5:$F$24*(1-W22))-$G$5:$G$24)^2) | Y22: =SUMPRODUCT($L$5:$L$24,($M$5:$M$24/(W22+$M$5:$M$24*(1-W22))-$N$5:$N$24)^2) | Z22: =SUMPRODUCT($S$5:$S$24,($T$5:$T$24/(W22+$T$5:$T$24*(1-W22))-$U$5:$U$24)^2) | AB22: DSC: samples with both a residual-heat α and a Tg midpoint, with x and α inside 0–1.
A23: 41 | B23: =IF(DSC!A41="","",DSC!A41) | C23: =DSC!J41 | D23: =DSC!H41 | E23: =IF(AND(ISNUMBER(C23),ISNUMBER(D23)),IF(AND(C23>=0,C23<=1,D23>=0,D23<=1),1,0),0) | F23: =IF(E23=1,C23,0) | G23: =IF(E23=1,D23,0) | I23: =IF(DMA!A36="","",DMA!A36) | J23: =IF(DMA!F36="","",(DMA!F36-DMA!$B$13)/(DMA!$B$14-DMA!$B$13)) | K23: =IF(I23="","",IFERROR(INDEX(DSC!$H$23:$H$42,MATCH(I23,DSC!$A$23:$A$42,0)),"")) | L23: =IF(AND(ISNUMBER(J23),ISNUMBER(K23)),IF(AND(J23>=0,J23<=1,K23>=0,K23<=1),1,0),0) | M23: =IF(L23=1,J23,0) | N23: =IF(L23=1,K23,0) | P23: =IF(TMA!A38="","",TMA!A38) | Q23: =TMA!R38 | R23: =IF(P23="","",IFERROR(INDEX(DSC!$H$23:$H$42,MATCH(P23,DSC!$A$23:$A$42,0)),"")) | S23: =IF(AND(ISNUMBER(Q23),ISNUMBER(R23)),IF(AND(Q23>=0,Q23<=1,R23>=0,R23<=1),1,0),0) | T23: =IF(S23=1,Q23,0) | U23: =IF(S23=1,R23,0) | W23: 0.14 | X23: =SUMPRODUCT($E$5:$E$24,($F$5:$F$24/(W23+$F$5:$F$24*(1-W23))-$G$5:$G$24)^2) | Y23: =SUMPRODUCT($L$5:$L$24,($M$5:$M$24/(W23+$M$5:$M$24*(1-W23))-$N$5:$N$24)^2) | Z23: =SUMPRODUCT($S$5:$S$24,($T$5:$T$24/(W23+$T$5:$T$24*(1-W23))-$U$5:$U$24)^2) | AB23: DMA and TMA: samples with a Tg whose sample ID also has a residual-heat α on the DSC sheet.
A24: 42 | B24: =IF(DSC!A42="","",DSC!A42) | C24: =DSC!J42 | D24: =DSC!H42 | E24: =IF(AND(ISNUMBER(C24),ISNUMBER(D24)),IF(AND(C24>=0,C24<=1,D24>=0,D24<=1),1,0),0) | F24: =IF(E24=1,C24,0) | G24: =IF(E24=1,D24,0) | I24: =IF(DMA!A37="","",DMA!A37) | J24: =IF(DMA!F37="","",(DMA!F37-DMA!$B$13)/(DMA!$B$14-DMA!$B$13)) | K24: =IF(I24="","",IFERROR(INDEX(DSC!$H$23:$H$42,MATCH(I24,DSC!$A$23:$A$42,0)),"")) | L24: =IF(AND(ISNUMBER(J24),ISNUMBER(K24)),IF(AND(J24>=0,J24<=1,K24>=0,K24<=1),1,0),0) | M24: =IF(L24=1,J24,0) | N24: =IF(L24=1,K24,0) | P24: =IF(TMA!A39="","",TMA!A39) | Q24: =TMA!R39 | R24: =IF(P24="","",IFERROR(INDEX(DSC!$H$23:$H$42,MATCH(P24,DSC!$A$23:$A$42,0)),"")) | S24: =IF(AND(ISNUMBER(Q24),ISNUMBER(R24)),IF(AND(Q24>=0,Q24<=1,R24>=0,R24<=1),1,0),0) | T24: =IF(S24=1,Q24,0) | U24: =IF(S24=1,R24,0) | W24: 0.145 | X24: =SUMPRODUCT($E$5:$E$24,($F$5:$F$24/(W24+$F$5:$F$24*(1-W24))-$G$5:$G$24)^2) | Y24: =SUMPRODUCT($L$5:$L$24,($M$5:$M$24/(W24+$M$5:$M$24*(1-W24))-$N$5:$N$24)^2) | Z24: =SUMPRODUCT($S$5:$S$24,($T$5:$T$24/(W24+$T$5:$T$24*(1-W24))-$U$5:$U$24)^2) | AB24: Reading the result
W25: 0.15 | X25: =SUMPRODUCT($E$5:$E$24,($F$5:$F$24/(W25+$F$5:$F$24*(1-W25))-$G$5:$G$24)^2) | Y25: =SUMPRODUCT($L$5:$L$24,($M$5:$M$24/(W25+$M$5:$M$24*(1-W25))-$N$5:$N$24)^2) | Z25: =SUMPRODUCT($S$5:$S$24,($T$5:$T$24/(W25+$T$5:$T$24*(1-W25))-$U$5:$U$24)^2) | AB25: Mid-range conversions decide λ; points near α = 0 or 1 carry almost no information about it.
W26: 0.155 | X26: =SUMPRODUCT($E$5:$E$24,($F$5:$F$24/(W26+$F$5:$F$24*(1-W26))-$G$5:$G$24)^2) | Y26: =SUMPRODUCT($L$5:$L$24,($M$5:$M$24/(W26+$M$5:$M$24*(1-W26))-$N$5:$N$24)^2) | Z26: =SUMPRODUCT($S$5:$S$24,($T$5:$T$24/(W26+$T$5:$T$24*(1-W26))-$U$5:$U$24)^2) | AB26: A fit at 0.05 or 1.50 (AC14 warns) means the data do not constrain λ — check Tg0 and Tg∞.
W27: 0.16 | X27: =SUMPRODUCT($E$5:$E$24,($F$5:$F$24/(W27+$F$5:$F$24*(1-W27))-$G$5:$G$24)^2) | Y27: =SUMPRODUCT($L$5:$L$24,($M$5:$M$24/(W27+$M$5:$M$24*(1-W27))-$N$5:$N$24)^2) | Z27: =SUMPRODUCT($S$5:$S$24,($T$5:$T$24/(W27+$T$5:$T$24*(1-W27))-$U$5:$U$24)^2) | AB27: An RMS residual well above ~2–3 % α means the Tg–α relation is not single-valued (side reactions,
W28: 0.165 | X28: =SUMPRODUCT($E$5:$E$24,($F$5:$F$24/(W28+$F$5:$F$24*(1-W28))-$G$5:$G$24)^2) | Y28: =SUMPRODUCT($L$5:$L$24,($M$5:$M$24/(W28+$M$5:$M$24*(1-W28))-$N$5:$N$24)^2) | Z28: =SUMPRODUCT($S$5:$S$24,($T$5:$T$24/(W28+$T$5:$T$24*(1-W28))-$U$5:$U$24)^2) | AB28: phase separation in segmented PUs) — trust the residual-heat result over the Tg route then.
W29: 0.17 | X29: =SUMPRODUCT($E$5:$E$24,($F$5:$F$24/(W29+$F$5:$F$24*(1-W29))-$G$5:$G$24)^2) | Y29: =SUMPRODUCT($L$5:$L$24,($M$5:$M$24/(W29+$M$5:$M$24*(1-W29))-$N$5:$N$24)^2) | Z29: =SUMPRODUCT($S$5:$S$24,($T$5:$T$24/(W29+$T$5:$T$24*(1-W29))-$U$5:$U$24)^2)
W30: 0.175 | X30: =SUMPRODUCT($E$5:$E$24,($F$5:$F$24/(W30+$F$5:$F$24*(1-W30))-$G$5:$G$24)^2) | Y30: =SUMPRODUCT($L$5:$L$24,($M$5:$M$24/(W30+$M$5:$M$24*(1-W30))-$N$5:$N$24)^2) | Z30: =SUMPRODUCT($S$5:$S$24,($T$5:$T$24/(W30+$T$5:$T$24*(1-W30))-$U$5:$U$24)^2)
W31: 0.18 | X31: =SUMPRODUCT($E$5:$E$24,($F$5:$F$24/(W31+$F$5:$F$24*(1-W31))-$G$5:$G$24)^2) | Y31: =SUMPRODUCT($L$5:$L$24,($M$5:$M$24/(W31+$M$5:$M$24*(1-W31))-$N$5:$N$24)^2) | Z31: =SUMPRODUCT($S$5:$S$24,($T$5:$T$24/(W31+$T$5:$T$24*(1-W31))-$U$5:$U$24)^2)
W32: 0.185 | X32: =SUMPRODUCT($E$5:$E$24,($F$5:$F$24/(W32+$F$5:$F$24*(1-W32))-$G$5:$G$24)^2) | Y32: =SUMPRODUCT($L$5:$L$24,($M$5:$M$24/(W32+$M$5:$M$24*(1-W32))-$N$5:$N$24)^2) | Z32: =SUMPRODUCT($S$5:$S$24,($T$5:$T$24/(W32+$T$5:$T$24*(1-W32))-$U$5:$U$24)^2)
W33: 0.19 | X33: =SUMPRODUCT($E$5:$E$24,($F$5:$F$24/(W33+$F$5:$F$24*(1-W33))-$G$5:$G$24)^2) | Y33: =SUMPRODUCT($L$5:$L$24,($M$5:$M$24/(W33+$M$5:$M$24*(1-W33))-$N$5:$N$24)^2) | Z33: =SUMPRODUCT($S$5:$S$24,($T$5:$T$24/(W33+$T$5:$T$24*(1-W33))-$U$5:$U$24)^2)
W34: 0.195 | X34: =SUMPRODUCT($E$5:$E$24,($F$5:$F$24/(W34+$F$5:$F$24*(1-W34))-$G$5:$G$24)^2) | Y34: =SUMPRODUCT($L$5:$L$24,($M$5:$M$24/(W34+$M$5:$M$24*(1-W34))-$N$5:$N$24)^2) | Z34: =SUMPRODUCT($S$5:$S$24,($T$5:$T$24/(W34+$T$5:$T$24*(1-W34))-$U$5:$U$24)^2)
W35: 0.2 | X35: =SUMPRODUCT($E$5:$E$24,($F$5:$F$24/(W35+$F$5:$F$24*(1-W35))-$G$5:$G$24)^2) | Y35: =SUMPRODUCT($L$5:$L$24,($M$5:$M$24/(W35+$M$5:$M$24*(1-W35))-$N$5:$N$24)^2) | Z35: =SUMPRODUCT($S$5:$S$24,($T$5:$T$24/(W35+$T$5:$T$24*(1-W35))-$U$5:$U$24)^2)
W36: 0.205 | X36: =SUMPRODUCT($E$5:$E$24,($F$5:$F$24/(W36+$F$5:$F$24*(1-W36))-$G$5:$G$24)^2) | Y36: =SUMPRODUCT($L$5:$L$24,($M$5:$M$24/(W36+$M$5:$M$24*(1-W36))-$N$5:$N$24)^2) | Z36: =SUMPRODUCT($S$5:$S$24,($T$5:$T$24/(W36+$T$5:$T$24*(1-W36))-$U$5:$U$24)^2)
W37: 0.21 | X37: =SUMPRODUCT($E$5:$E$24,($F$5:$F$24/(W37+$F$5:$F$24*(1-W37))-$G$5:$G$24)^2) | Y37: =SUMPRODUCT($L$5:$L$24,($M$5:$M$24/(W37+$M$5:$M$24*(1-W37))-$N$5:$N$24)^2) | Z37: =SUMPRODUCT($S$5:$S$24,($T$5:$T$24/(W37+$T$5:$T$24*(1-W37))-$U$5:$U$24)^2)
W38: 0.215 | X38: =SUMPRODUCT($E$5:$E$24,($F$5:$F$24/(W38+$F$5:$F$24*(1-W38))-$G$5:$G$24)^2) | Y38: =SUMPRODUCT($L$5:$L$24,($M$5:$M$24/(W38+$M$5:$M$24*(1-W38))-$N$5:$N$24)^2) | Z38: =SUMPRODUCT($S$5:$S$24,($T$5:$T$24/(W38+$T$5:$T$24*(1-W38))-$U$5:$U$24)^2)
W39: 0.22 | X39: =SUMPRODUCT($E$5:$E$24,($F$5:$F$24/(W39+$F$5:$F$24*(1-W39))-$G$5:$G$24)^2) | Y39: =SUMPRODUCT($L$5:$L$24,($M$5:$M$24/(W39+$M$5:$M$24*(1-W39))-$N$5:$N$24)^2) | Z39: =SUMPRODUCT($S$5:$S$24,($T$5:$T$24/(W39+$T$5:$T$24*(1-W39))-$U$5:$U$24)^2)
W40: 0.225 | X40: =SUMPRODUCT($E$5:$E$24,($F$5:$F$24/(W40+$F$5:$F$24*(1-W40))-$G$5:$G$24)^2) | Y40: =SUMPRODUCT($L$5:$L$24,($M$5:$M$24/(W40+$M$5:$M$24*(1-W40))-$N$5:$N$24)^2) | Z40: =SUMPRODUCT($S$5:$S$24,($T$5:$T$24/(W40+$T$5:$T$24*(1-W40))-$U$5:$U$24)^2)
... W295: 1.5 | X295: =SUMPRODUCT($E$5:$E$24,($F$5:$F$24/(W295+$F$5:$F$24*(1-W295))-$G$5:$G$24)^2) | Y295: =SUMPRODUCT($L$5:$L$24,($M$5:$M$24/(W295+$M$5:$M$24*(1-W295))-$N$5:$N$24)^2) | Z295: =SUMPRODUCT($S$5:$S$24,($T$5:$T$24/(W295+$T$5:$T$24*(1-W295))-$U$5:$U$24)^2)
